№;Code;Name area;Number ;Full name;Address;Head;Phone code;Contact number;E-mail;Website;Russian language,amount;Russian language,GPA;Russian language,spravlyaemost;Mathematics profil,amount;Mathematics profil,GPA;Mathematics profil,spravlyaemost;Mathematics base,amount;Mathematics base,GPA;Mathematics base,spravlyaemost;Physics ,amount;Physics,GPA;Physics,spravlyaemost;Chemistry ,amount;Chemistry ,GPA;Chemistry,spravlyaemost;Biology,amount;Biology ,GPA;Biology,spravlyaemost;Geography ,amount;Geography ,GPA;Geography,spravlyaemost;Computer science ,amount;Computer science ,GPA;Computer science,spravlyaemost;Literature ,amount;Literature ,GPA;Literature,spravlyaemost;History ,amount;History ,GPA;History,spravlyaemost;Social Studies ,amount;Social Studies ,GPA;Social Studies,spravlyaemost;English ,amount;English ,GPA;English,spravlyaemost;German ,amount;German ,GPA;German,spravlyaemost;French ,amount;French ,GPA;French,spravlyaemost;Lat;Long
1;762103;Большесельский;;Муниципальное общеобразовательное учреждение Большесельская средняя общеобразовательная школа;152360, Ярославская обл., Большесельский р-н, с. Большое Село, ул. Сурикова, д.9;Дьячкова Елена Юрьевна;48542;21884, 21434;bschool@inbox.ru;http://shbol.edu.yar.ru;29;76,8;100;24;50,6;100;26;4,6;100;11;48,5;100;;;;5;44,6;100;;;;5;69;100;4;68,5;100;3;63,7;100;25;59,4;100;;;;;;;;;;57.717542;38.94
2;762104;Большесельский;;Муниципальное общеобразовательное учреждение Вареговская средняя общеобразовательная школа;152385, Ярославская обл., Большесельский р-н, п/о Варегово, с. Варегово, ул. Школьная, д.1;Макарова Людмила Васильевна;48542;25588;varegovoschule@mail.ru;http://varg-bol.edu.yar.ru;2;70,5;100;2;21;50;2;4,5;100;;;;;;;;;;;;;1;44;100;;;;;;;2;38,5;50;;;;;;;;;;57.776505;39.281441
3;762112;Большесельский;;Муниципальное общеобразовательное учреждение Новосельская средняя общеобразовательная школа;152370, Ярославская обл., Большесельский р-н, с. Новое Село, ул. Октябрьская, д.3;Селиванова Алла Александровна;48542;26437;nowchool@mail.ru;http://novs-bol.edu.yar.ru;3;68,7;100;3;39;100;3;4,7;100;1;52;100;;;;;;;;;;;;;;;;1;37;100;2;41,5;50;;;;;;;;;;57.726188;38.991671
4;762201;Борисоглебский;;Муниципальное общеобразовательное учреждение Андреевская средняя общеобразовательная школа;152197, Ярославская обл., Борисоглебский р-н, д. Андреевское, ул. Молодежная, д.8;Полетаев Владимир Васильевич;48539;35547;ASOSH1991@mail.ru;http://andr-sosh.ru;5;70,8;100;2;56,5;100;5;4,4;100;2;46,5;100;;;;;;;;;;;;;;;;2;57,5;100;3;57,3;100;;;;;;;;;;57.30752;39.234091
5;762203;Борисоглебский;1;Муниципальное общеобразовательное учреждение Борисоглебская средняя общеобразовательная школа № 1;152170, Ярославская обл., Борисоглебский р-н, пос. Борисоглебский, ул. Октябрьская, д.46;Огурцов Алексей Константинович;48539;21217;borgl1@mail.ru;http://borgl1.edu.yar.ru/;17;74,8;100;16;40,4;93,8;14;4,4;100;3;44;100;5;46,4;80;4;62,5;100;;;;1;34;0;2;68;100;3;62,3;100;10;57,9;100;;;;;;;;;;57.254923;39.139094
6;762204;Борисоглебский;2;Муниципальное общеобразовательное учреждение Борисоглебская средняя общеобразовательная школа № 2;152170, Ярославская обл., Борисоглебский р-н, пос. Борисоглебский, ул. Победы, д.1а;Зимина Наталья Алексеевна;48539;21221;bg2@bk.ru;http://bgschool2.ru;25;76,9;100;15;54,5;93,3;21;4,4;100;4;59;100;2;47,5;100;4;59,8;100;;;;7;62,7;100;;;;8;52,3;100;15;56,4;80;3;78,7;100;;;;;;;57.268577;39.168604
7;762205;Борисоглебский;;Муниципальное общеобразовательное учреждение Вощажниковская средняя общеобразовательная школа;152174, Ярославская обл., Борисоглебский р-н, с. Вощажниково, ул. Советская, д.100;Чистова Татьяна Викторовна;48539;33506;wshool@yandex.ru;http://wschool76.edusite.ru;6;85,8;100;6;49,5;100;6;4,3;100;;;;1;38;100;2;45;100;;;;;;;1;66;100;2;75;100;6;64,7;100;;;;;;;;;;57.36056;39.139498
8;762208;Борисоглебский;;Муниципальное общеобразовательное учреждение Ивановская средняя общеобразовательная школа;152192, Ярославская обл., Борисоглебский р-н, с. Ивановское, д.23;Мартышин Владимир Сергеевич;48539;45344;ish-adm@yandex.ru;http://ivan-shkola.ru;13;71,6;100;10;32,8;80;13;4,4;100;1;40;100;4;44;50;7;64,9;100;;;;;;;2;63;100;1;49;100;8;49,4;75;;;;;;;;;;57.309814;38.932652
9;762302;Брейтовский;;Муниципальное образовательное учреждение Брейтовская средняя общеобразовательная школа;152760, Ярославская обл., Брейтовский р-н, с. Брейтово, ул. Республиканская, д.54 ;Нефёдова Светлана Михайловна;48545;21286;breytovoschool@mail.ru;http://76412sbrschool.edusite.ru;27;63,5;100;19;34,8;78,9;25;4;100;5;45,8;100;1;43;100;5;36,8;40;;;;;;;;;;;;;16;44;56,3;;;;;;;;;;58.292203;37.85912
10;762313;Брейтовский;;муниципальное образовательное учреждение Покрово-Ситская средняя общеобразовательная школа;152763, Ярославская обл., Брейтовский р-н, п/о Покровское на Сити, с. Покровское на Сити, ул. Школьная, д.3;Виноградова Светлана Владимировна;48545;31249;sitischool-agro@mail.ru;http://76416s003.edusite.ru;2;76,5;100;1;33;100;2;4,5;100;;;;1;51;100;1;71;100;;;;;;;1;66;100;;;;1;63;100;;;;;;;;;;58.188867;37.854189
11;764207;г. Переславль;;"муниципальное общеобразовательное учреждение ""Гимназия г. Переславля-Залесского""";152025, Ярославская обл., г. Переславль-Залесский, ул. Менделеева, д.36 ;Чистякова Марина Анатольевна;48535;26627;grammar-school-pz@yandex.ru;http://prsgim.edu.yar.ru;66;77,5;100;54;49,3;85,2;48;4,3;100;9;49,2;100;5;38,2;60;6;56,2;100;3;80,3;100;18;65,6;100;4;67,8;100;9;63,6;100;39;62,1;94,9;15;65,8;100;;;;;;;56.75259;38.878744
12;764201;г. Переславль;1;"муниципальное общеобразовательное учреждение ""Средняя школа № 1""";152020, Ярославская обл., г. Переславль-Залесский, ул. Советская, д.3, д.4;Сурнина Елена Михайловна;48535;31041;prs.sosh1@yandex.ru;http://school1-prs.edu.yar.ru/;43;71;100;31;49,6;93,5;43;4,6;100;7;57,1;100;9;50,4;77,8;7;55,1;100;1;66;100;2;67;100;2;51;100;12;49,8;91,7;30;54,7;83,3;6;58,5;100;1;58;100;;;;56.736873;38.855038
13;764202;г. Переславль;2;"муниципальное общеобразовательное учреждение ""Средняя школа № 2""";152024, Ярославская обл., г. Переславль-Залесский, мкр. Чкаловский, д.53 ;Долгушина Татьяна Владимировна;48535;23790;school2@school2-pereslavl.ru;http://www.school2-pereslavl.ru;21;62,6;100;17;29,1;76,5;21;4,1;100;2;38,5;100;2;38;100;3;40,3;66,7;;;;;;;2;37;50;4;38;75;17;50,7;88,2;;;;;;;;;;56.71508;38.815152
14;764204;г. Переславль;4;"муниципальное общеобразовательное учреждение ""Средняя школа № 4""";152025, Ярославская обл., г. Переславль-Залесский, ул. Октябрьская, д.41 ;Блохина Ольга Леонидовна;48535;36922;school4.pereslavl@mail.ru;http://school4-prs.edu.yar.ru/;21;77,3;100;16;45,5;93,8;21;4,6;100;4;50,5;100;3;57;100;5;68,6;100;;;;1;34;0;2;59;100;3;56,3;100;13;61,7;100;1;65;100;;;;;;;56.748607;38.882993
15;764206;г. Переславль;6;"муниципальное общеобразовательное учреждение ""Средняя школа № 6""";152025, Ярославская обл., г. Переславль-Залесский, ул. Менделеева, д.10;Кручинина Ирина Викторовна;48535;32610;ir.kruchinina2011@yandex.ru;http://sch6pz.ru/;19;68,2;100;15;42,9;80;19;4,3;100;3;60,7;100;;;;9;45,2;88,9;;;;1;46;100;;;;7;42,4;85,7;18;51,4;88,9;1;17;0;;;;;;;56.755778;38.869465
16;764209;г. Переславль;9;"муниципальное общеобразовательное учреждение ""Средняя школа № 9""";152023, Ярославская обл., г. Переславль-Залесский, пер. Берендеевский, д.27;Бубнова Людмила Дмитриевна;48535;32729;school9_9@mail.ru;http://school9-prs.edu.yar.ru;19;64,9;100;11;34,3;81,8;19;4,5;100;3;45,3;100;4;55,3;100;5;69,4;100;;;;1;44;100;2;56;100;1;47;100;11;53,6;90,9;;;;;;;;;;56.738888;38.883999
17;764512;г. Рыбинск;12;муниципальное образовательное автономное учреждение  средняя общеобразовательная школа № 12 им. П.Ф. Дерунова;152935, Ярославская обл., г. Рыбинск, ул. Моторостроителей, д.27;Бекенева Людмила Валентиновна;4855;245181;sch12@rybadm.ru;http://sch12.rybadm.ru;45;76,5;100;36;55,9;97,2;40;4,7;100;10;46,2;100;2;59,5;100;5;55;100;1;96;100;19;64,9;100;6;66;100;5;47,8;100;21;56,1;90,5;4;75;100;;;;;;;58.040261;38.809044
18;764510;г. Рыбинск;10;муниципальное образовательное автономное учреждение средняя общеобразовательная школа № 10;152912, Ярославская обл., г. Рыбинск, ул. Академика Губкина, д.21;Подоляк Ирина Львовна;4855;215771;sch10@rybadm.ru;http://sch10.rybadm.ru;46;79,3;100;34;48,9;91,2;45;4,6;100;12;51;100;4;60,8;100;7;54,6;100;1;56;100;9;69,7;100;3;83,7;100;5;46,4;100;24;60;95,8;3;63,3;100;;;;;;;58.059612;38.812996
19;764517;г. Рыбинск;17;муниципальное образовательное учреждение средняя общеобразовательная школа № 17 имени А.А. Герасимова;152914, Ярославская обл., г. Рыбинск, ул. Набережная Космонавтов, д.39;Иванова Наталья Александровна;4855;273784;sch17@rybadm.ru;http://school17-ryb.edu.yar.ru;22;80,7;100;22;48,5;86,4;22;4,7;100;5;49,8;100;6;59,8;100;2;71;100;;;;2;62;100;1;72;100;;;;10;60,7;100;;;;;;;;;;58.083302;38.765377
20;764527;г. Рыбинск;27;муниципальное образовательное учреждение средняя общеобразовательная школа № 27;152930, Ярославская обл., г. Рыбинск, ул. Ворошилова, д.3;Кабанова Светлана Юрьевна;4855;550227, 550727, 550318;sch27@rybadm.ru;http://school27.ru;34;79,9;100;30;54;100;34;4,7;100;10;49,2;100;8;60,1;100;10;62,6;100;;;;2;48,5;100;1;71;100;2;58;100;17;61,7;100;1;91;100;;;;;;;58.049774;38.763409
21;764530;г. Рыбинск;30;муниципальное образовательное учреждение средняя общеобразовательная школа № 30;152905, Ярославская обл., г. Рыбинск, ул. Черепанова, д.15;Новикова Антонина Анатольевна;4855;554749;sch30@rybadm.ru;http://sch30.rybadm.ru;29;76,2;100;24;62,2;91,7;15;4,5;100;7;60;100;4;47,5;100;9;51,7;77,8;;;;6;70,2;100;1;56;100;2;58,5;100;11;62,2;81,8;1;79;100;1;80;100;;;;58.045635;38.774198
22;764532;г. Рыбинск;32;муниципальное образовательное учреждение средняя общеобразовательная школа № 32 имени академика А.А.Ухтомского;152900, Ярославская обл., г. Рыбинск, ул. Моховая, д.18;Решетникова Нина Михайловна;4855;261587, 261507;sch32@rybadm.ru;http://sch32.rybadm.ru;50;71;100;43;48,6;83,7;39;4,4;100;16;60,8;100;1;43;100;8;48,8;100;;;;7;65,6;85,7;1;60;100;9;59,3;100;21;59,9;100;3;61;100;;;;;;;58.038651;38.863347
23;764544;г. Рыбинск;44;муниципальное образовательное учреждение средняя общеобразовательная школа № 44;152919, Ярославская обл., г. Рыбинск, ул. Гагарина, д.22;Степанюк Наталья Владимировна;4855;263980;sch44@rybadm.ru;http://sch44.rybadm.ru;25;79,9;100;15;50,5;100;18;4,5;100;5;46;100;5;45,6;100;11;58,2;100;;;;2;66,5;100;1;71;100;5;40,4;60;13;53,1;84,6;;;;;;;;;;58.035373;38.844114
24;764518;г. Рыбинск;18;муниципальное общеобразовательное учреждение гимназия № 18 имени В.Г. Соколова;152907, Ярославская обл., г. Рыбинск, ул. 9 Мая, д.14;Горева Наталья Владимировна;4855;550734;gim18@rybadm.ru;http://gim18.rybadm.ru/;40;76;100;22;40,4;90,9;37;4,4;100;9;47;100;1;36;100;10;47,1;90;;;;5;50,8;80;11;55,3;100;4;42,5;100;27;53,1;85,2;2;61,5;100;;;;;;;58.055098;38.780271
25;764508;г. Рыбинск;8;муниципальное общеобразовательное учреждение гимназия № 8 им. Л.М. Марасиновой ;152914, Ярославская обл., г. Рыбинск, ул. 200 лет Рыбинску, д.15;Игнатьева Ирина Альбертовна ;4855;272204;gim8@rybadm.ru;http://gim8.rybadm.ru/;29;72,4;100;21;54,5;95,2;16;4,3;100;7;52,4;100;7;56,7;85,7;9;62;100;;;;;;;2;62,5;100;5;49;100;13;53;84,6;3;70,3;100;;;;;;;58.048454;38.858433
26;764502;г. Рыбинск;2;"муниципальное общеобразовательное учреждение кадетская школа-интернат № 2 ""Рыбинский кадетский корпус""";152906, Ярославская обл., г. Рыбинск, ул. Свердлова, д.26;Калагаев Владимир Павлович;4855;251910;schkad@rybadm.ru;http://schkad.rybadm.ru;11;57,4;100;9;24,1;44,4;11;3,8;100;4;42,5;100;;;;1;38;100;;;;;;;;;;2;33;50;11;42,4;63,6;;;;;;;;;;58.063492;38.841239
27;764572;г. Рыбинск;2;муниципальное общеобразовательное учреждение лицей № 2;152931, Ярославская обл., г. Рыбинск, ул. Карякинская, д.104;Румянцев Алексей Васильевич;4855;281676;liz2@rybadm.ru;http://liz2.rybadm.ru/;70;83;100;44;68,6;93,2;40;4,4;100;14;62,4;100;22;55,5;100;21;54,2;95,2;;;;19;80,5;100;7;59,1;100;6;70,2;100;22;65,8;95,5;11;80,5;100;;;;;;;58.047888;38.826022
28;764501;г. Рыбинск;1;муниципальное общеобразовательное учреждение средняя общеобразовательная школа № 1 с углубленным изучением английского языка;152934, Ярославская обл., г. Рыбинск, ул. Радищева, д.15;Ковичева Нина Александровна;4855;217830;sch1@rybadm.ru;http://sch1.rybadm.ru;59;85,1;100;41;52,8;100;25;4,4;100;16;58,9;100;8;60,4;87,5;11;73,6;100;2;82;100;5;71,8;100;6;63,3;100;10;57;100;30;62,9;96,7;22;80,3;100;;;;;;;58.045954;38.841976
29;764511;г. Рыбинск;11;муниципальное общеобразовательное учреждение средняя общеобразовательная школа № 11;152900, Ярославская обл., г. Рыбинск, ул. Ярославский тракт, д.43;Масалыга Маргарита Дмитриевна;4855;262245;sch11@rybadm.ru;http://sch11.rybadm.ru;18;64,7;100;16;32,8;56,3;18;3,9;100;2;44,5;50;3;50,7;66,7;6;51,8;83,3;;;;;;;2;48,5;100;3;45,3;66,7;15;47,2;73,3;;;;;;;;;;58.028735;38.897806
30;764520;г. Рыбинск;20;муниципальное общеобразовательное учреждение средняя общеобразовательная школа № 20 имени П.И. Батова;152915, Ярославская обл., г. Рыбинск, ул. Полиграфская, д.5;Кочегарова Светлана Валерьевна;4855;262521;sch20@rybadm.ru;http://sch20.rybadm.ru;44;70,4;100;34;41,8;91,2;44;4,4;100;10;50,4;100;2;49;100;7;52,9;100;;;;2;52;50;1;52;100;9;47,9;100;27;54,6;88,9;3;82,3;100;;;;;;;58.026024;38.855136
31;764521;г. Рыбинск;21;муниципальное общеобразовательное учреждение средняя общеобразовательная школа № 21;152912, Ярославская обл., г. Рыбинск, ул. Молодежная, д.32;Иванова Нина Николаевна;4855;210522;sch21@rybadm.ru;http://sch21.rybadm.ru;38;66,4;100;31;45,1;87,1;27;4,2;96,3;16;47,9;100;4;40,8;50;8;45,1;87,5;;;;6;67,5;100;2;46,5;100;5;43,2;100;13;54,3;100;2;51;100;;;;;;;58.059393;38.806277
32;764523;г. Рыбинск;23;муниципальное общеобразовательное учреждение средняя общеобразовательная школа № 23;152907, Ярославская обл., г. Рыбинск, ул. Солнечная, д.7;Копейкина Мария Александровна;4855;559887;sch23@rybadm.ru;http://sch23.rybadm.ru;24;71,1;100;16;43,8;93,8;24;4,3;100;9;49;100;1;37;100;1;44;100;1;57;100;2;60,5;100;2;64;100;4;62,8;100;7;63,6;100;2;53;100;;;;;;;58.053903;38.786613
33;764524;г. Рыбинск;24;муниципальное общеобразовательное учреждение средняя общеобразовательная школа № 24;152920, Ярославская обл., г. Рыбинск, ул. Б.Рукавицына, д.35;Дедкина Ирина Ильинична;4855;550518;sch24@rybadm.ru;http://sch24.rybadm.ru;24;72,9;100;22;45,5;100;21;4,5;100;7;56,4;100;;;;3;48,7;66,7;;;;2;51,5;100;;;;2;53;100;14;53,4;85,7;;;;1;41;100;;;;58.062393;38.772069
34;764526;г. Рыбинск;26;муниципальное общеобразовательное учреждение средняя общеобразовательная школа № 26;152931, Ярославская обл., г. Рыбинск, ул. Кольцова, д.19;Павлов Игорь Аркадьевич;4855;222364;sch26@rybadm.ru;http://sch26.rybadm.ru;26;77,2;100;15;46,6;86,7;25;4,4;100;4;48,3;100;;;;2;76;100;;;;1;51;100;1;50;100;4;49;100;21;58;76,2;3;63,7;100;;;;;;;58.052212;38.830352
35;764529;г. Рыбинск;29;муниципальное общеобразовательное учреждение средняя общеобразовательная школа № 29;152930, Ярославская обл., г. Рыбинск, пр-т Мира, д.27 ;Кукушкин Сергей Иванович;4855;551743;sch29@rybadm.ru;http://sch29.rybadm.ru;27;65,6;100;17;33,9;76,5;27;4,1;100;6;45,5;100;2;58;100;1;34;0;;;;2;47,5;100;1;59;100;2;60;100;10;47,1;70;;;;;;;;;;58.055517;38.758029
36;764535;г. Рыбинск;35;Муниципальное общеобразовательное учреждение средняя общеобразовательная школа № 35;152909, Ярославская обл., г. Рыбинск, ул. Бурлацкая, д.8 / Рулонный пер., д.2;Скворцова Людмила Ивановна;4855;265243;sch35@rybadm.ru;http://sch35.rybadm.ru;17;64,2;100;7;51,6;100;10;3,5;100;4;51;100;2;38,5;50;2;51;100;;;;1;73;100;1;73;100;2;62,5;100;4;65,5;100;;;;;;;;;;58.050336;38.884404
37;764536;г. Рыбинск;36;муниципальное общеобразовательное учреждение средняя общеобразовательная школа № 36;152916, Ярославская обл., г. Рыбинск, ул. Инженерная, д.39;Шуйгина Марина Валентиновна;4855;200857;sch36@rybadm.ru;http://sch36.rybadm.ru;15;71,4;100;15;40,7;73,3;11;3,8;100;4;58,8;100;2;55,5;100;4;54;75;;;;1;50;100;;;;;;;7;46,4;85,7;1;83;100;;;;;;;58.088497;38.689963
38;764543;г. Рыбинск;43;муниципальное общеобразовательное учреждение средняя общеобразовательная школа № 43;152912, Ярославская обл., г. Рыбинск, ул. Баженова, д.11;Бессуднова Оксана Аркадьевна;4855;217711;sch43@rybadm.ru;http://sch43.rybadm.ru;19;61,6;100;11;35;63,6;19;3,7;100;2;46;100;1;56;100;2;38;50;;;;;;;2;51;100;4;44,8;100;9;49,6;88,9;;;;;;;;;;58.062274;38.807589
39;764505;г. Рыбинск;5;муниципальное общеобразовательное учреждение средняя общеобразовательная школа № 5;152935, Ярославская обл., г. Рыбинск, ул. Моторостроителей, д.15;Иванкова Светлана Евстафьевна;4855;245285;sch5@rybadm.ru;http://sch5.rybadm.ru/;24;71,5;100;20;51,2;95;7;4,1;100;8;53,3;100;;;;3;50;100;1;63;100;5;60,6;100;1;63;100;4;67,8;100;12;61,8;100;2;86;100;;;;;;;58.041638;38.816572
40;764506;г. Рыбинск;6;муниципальное общеобразовательное учреждение средняя общеобразовательная школа № 6;152915, Ярославская обл., г. Рыбинск, ул. Льва Ошанина, д.14;Шарова Светлана Анатольевна ;4855;267580;sch6@rybadm.ru;http://sch6.rybadm.ru/;32;60,2;100;8;36,9;75;31;3,9;100;5;51;100;1;58;100;6;43,2;83,3;1;78;100;;;;2;59,5;100;4;42,3;50;13;52,7;92,3;2;72;100;;;;;;;58.048454;38.858433
41;760619;г. Ярославль;1;"Муниципальное общеобразовательное учреждение ""Гимназия № 1"" ";150057, Ярославская обл., г. Ярославль, пр. Ушакова, д.11;Бойчук Наталья Викторовна;4852;442757;gimn1-yar.sch@yandex.ru;http://gimn1.edu.yar.ru;88;77,5;100;62;56;91,9;57;4,6;100;14;51,1;92,9;18;60;94,4;20;65,4;100;4;54,5;100;18;71,1;100;6;61;100;16;53,8;100;43;62,3;100;6;77,8;100;;;;;;;57.574523;39.852734
42;760125;г. Ярославль;2;"Муниципальное общеобразовательное учреждение ""Гимназия № 2""";150045, Ярославская обл., г. Ярославль, Ленинградский пр-т, д.87;Масленников Николай Васильевич;4852;550733;yargimn002@yandex.ru;http://gimn2.edu.yar.ru;112;80,4;100;79;59,3;98,7;74;4,6;100;24;51,8;95,8;12;65,9;91,7;17;66,5;100;;;;15;74,3;93,3;6;66,8;100;31;68;100;78;68,4;100;9;81;100;;;;1;58;100;57.684714;39.777886
43;760218;г. Ярославль;3;"Муниципальное общеобразовательное учреждение ""Гимназия № 3""";150051, Ярославская обл., г. Ярославль, ул. Саукова, д.5;Табунова Татьяна Александровна;4852;246607;yargimn003@yandex.ru;http://gimn3.edu.yar.ru;75;82,3;100;51;59,5;94,1;59;4,7;100;19;57,9;94,7;12;62,1;100;14;70,9;100;2;61;100;8;55,4;87,5;8;58,1;100;17;65;94,1;34;67,2;100;8;66,9;100;;;;2;54;100;57.644679;39.945754
44;760410;г. Ярославль;86;"Муниципальное общеобразовательное учреждение ""Лицей № 86""";150023, Ярославская обл., г. Ярославль, ул. Зелинского, д.6;Большакова Ольга Владимировна;4852;470456;yarlicey086@yandex.ru;http://www.licey86.ru/;94;77,9;100;90;65,1;100;93;4,9;100;35;59,3;100;15;66,7;100;21;61,1;100;;;;24;65,2;95,8;2;46;100;6;54;100;50;60,1;94;10;69;100;;;;;;;57.581515;39.839429
45;760514;г. Ярославль;94;"Муниципальное общеобразовательное учреждение ""Открытая (сменная) школа № 94""";150040, Ярославская обл., г. Ярославль, ул. З.Космодемьянской, д.4а;Шитова Елена Михайловна;4852;791760;yarsch094@yandex.ru;http://school94.edu.yar.ru;33;54,7;100;5;27,4;40;32;3,8;100;3;29,3;33,3;;;;1;23;0;;;;;;;5;30,8;60;3;35;100;12;41,8;66,7;1;55;100;;;;;;;57.64085;39.872595
46;760411;г. Ярославль;96;"Муниципальное общеобразовательное учреждение ""Открытая (сменная) школа № 96""";150003, Ярославская обл., г. Ярославль, ул. Стачек, д.57;и.о. Копеина Ольга Владимировна;4852;327395;yarsch096@yandex.ru;http://school96.edu.yar.ru;26;53,7;100;8;28,4;50;24;3,3;95,8;2;55,5;100;;;;2;52;100;;;;;;;;;;1;40;100;9;35,1;33,3;;;;;;;;;;57.609601;39.831938
47;760217;г. Ярославль;97;"Муниципальное общеобразовательное учреждение ""Открытая (сменная) школа № 97""";150007, Ярославская обл., г. Ярославль, ст. Урочь, д.10 ;Капшай Дмитрий Сергеевич;4852;240488;yarsch097@yandex.ru;http://76202s097.edusite.ru;22;50,4;95,5;4;23,3;50;22;3,4;90,9;;;;;;;;;;;;;;;;;;;;;;5;45,8;80;1;51;100;;;;;;;57.640253;39.904935
48;760301;г. Ярославль;1;"Муниципальное общеобразовательное учреждение ""Средняя школа № 1""";150049, Ярославская обл., г. Ярославль, ул. С.-Щедрина, д.75;Петрунина Галина Николаевна;4852;213635;yarsch001@yandex.ru;http://яршкола1.рф;24;77,9;100;20;46,5;80;24;4,7;100;7;52,1;100;4;59,3;100;5;61,2;100;;;;2;62,5;100;1;71;100;2;68,5;100;10;72,8;100;2;87,5;100;;;;;;;57.622964;39.851727
49;760102;г. Ярославль;10;"Муниципальное общеобразовательное учреждение ""Средняя школа № 10""";150060, Ярославская обл., г. Ярославль, ул. Туманова, д.18в;Теплов Сергей Васильевич;4852;538225;yarsch010@yandex.ru;http://school10yar.narod.ru;23;59,7;100;13;41,8;76,9;23;4,2;100;4;39,5;100;2;32;50;4;43,8;75;;;;2;67;100;2;49,5;100;3;40,7;66,7;11;53,3;100;;;;;;;;;;57.691819;39.765777
50;760103;г. Ярославль;11;"Муниципальное общеобразовательное учреждение ""Средняя школа № 11""";150052, Ярославская обл., г. Ярославль, ул. Громова, д.10а;Контров Николай Евгеньевич;4852;551785, 554033;yarsch11@yandex.ru;http://76202s011.edusite.ru;20;66,3;100;16;34,8;56,3;19;4,2;100;4;48,3;100;2;39;50;3;42,7;66,7;1;56;100;3;50,7;100;1;44;100;;;;10;51,9;80;2;57,5;100;;;;;;;57.674305;39.779566
51;760402;г. Ярославль;12;"Муниципальное общеобразовательное учреждение ""Средняя школа № 12""";150029, Ярославская обл., г. Ярославль, ул. Курчатова, д.8;Толстякова Елена Борисовна;4852;441605;yarsch012@yandex.ru;http://school12.edu.yar.ru;19;78,2;100;12;58,1;100;15;4,5;100;1;96;100;2;53;100;3;60;100;;;;7;60,6;100;1;59;100;3;68,7;100;9;63,2;100;3;75;100;1;70;100;;;;57.581066;39.84632
52;760403;г. Ярославль;13;"Муниципальное общеобразовательное учреждение ""Средняя школа № 13""";150002, Ярославская обл., г. Ярославль, ул. Маланова, д.10г;Потемина Марина Павловна;4852;327654;yarsch013@yandex.ru;http://school13.edu.yar.ru;24;68,7;100;21;39;85,7;15;4,3;93,3;12;39,6;83,3;;;;7;43,4;85,7;;;;;;;;;;1;78;100;18;50,9;88,9;;;;;;;;;;57.605604;39.827572
53;760602;г. Ярославль;14;"Муниципальное общеобразовательное учреждение ""Средняя школа № 14 им.Лататуева В.Н.""";150030, Ярославская обл., г. Ярославль, ул. Гоголя, д.7;Ширкина Ольга Альбертовна;4852;476197;yarsch014@yandex.ru;http://www.sch14.ru;26;72,1;100;11;37,7;100;22;4,1;100;4;45,5;100;5;37,6;60;8;67,8;100;;;;1;48;100;;;;7;52,3;100;14;60,4;100;1;77;100;;;;;;;57.592857;39.869613
54;760404;г. Ярославль;15;"Муниципальное общеобразовательное учреждение ""Средняя школа № 15""";150046, Ярославская обл., г. Ярославль, ул. Павлова, д.37;Томилина Ольга Ивановна;4852;311375;yarsch015@yandex.ru;http://yar15sh.edu.yar.ru;18;70,8;100;9;56,8;100;16;4,5;100;1;41;100;;;;2;65,5;100;4;72,8;100;1;61;100;6;52,7;100;6;51,3;100;8;62,5;87,5;2;58,5;100;;;;;;;57.587859;39.834049
55;760603;г. Ярославль;16;"Муниципальное общеобразовательное учреждение ""Средняя школа № 16""";150001, Ярославская обл., г. Ярославль, ул. Туговская, д.11;Моденова Ольга Алексеевна;4852;305731;yarsch016@yandex.ru;http://school16.edu.yar.ru;1;86;100;1;50;100;1;5;100;;;;;;;;;;;;;;;;;;;;;;1;72;100;1;91;100;;;;;;;57.610238;39.895296
56;760104;г. Ярославль;17;"Муниципальное общеобразовательное учреждение ""Средняя школа № 17""";150019, Ярославская обл., г. Ярославль, Красноперевальский пер., д.4;Казанов Ярослав Валерьевич;4852;579735;yarsch017@yandex.ru;http://school17-yar.edusite.ru/;18;67,1;100;5;48,2;100;18;3,9;100;1;44;100;1;46;100;1;68;100;;;;1;50;100;1;44;100;5;44,4;100;13;51;76,9;;;;;;;;;;57.731162;39.767349
57;760604;г. Ярославль;18;"Муниципальное общеобразовательное учреждение ""Средняя школа № 18""";150048, Ярославская обл., г. Ярославль, ул. Слепнева, д.26;Антонова Надежда Валентиновна;4852;440350;yarsch018@yandex.ru;http://school18.edu.yar.ru;42;74,9;100;30;47,8;83,3;42;4,5;100;7;47,6;100;5;57,4;80;7;63,6;100;;;;4;53,3;100;3;66,7;100;9;51,8;100;28;61,6;96,4;5;76,6;100;;;;;;;57.580979;39.859156
58;760201;г. Ярославль;2;"Муниципальное общеобразовательное учреждение ""Средняя школа № 2""";150055, Ярославская обл., г. Ярославль, пр-т Авиаторов, д.84;Семенова Лидия Павловна;4852;740304;yarsch002@yandex.ru;http://www.school2.yaroslavl.ru;55;78,2;100;38;48,1;89,5;54;4,5;100;7;43,4;85,7;4;45,8;75;13;53,8;92,3;;;;7;71,7;100;5;55,8;100;12;61;100;42;61,5;100;3;58,7;100;;;;;;;57.651904;39.94067
59;760605;г. Ярославль;21;"Муниципальное общеобразовательное учреждение ""Средняя школа № 21 имени А.М. Достоевского""";150006, Ярославская обл., г. Ярославль, ул. Ильинская, д.14;Киселев Валерий Анатольевич;4852;410976;yarsch021@yandex.ru;http://school21.edu.yar.ru;29;71,2;100;21;48,5;90,5;29;4,4;100;4;39,8;100;3;56,7;100;5;54,8;80;2;64;100;2;43;50;2;45;100;5;49,2;80;25;54,2;84;3;67;100;;;;;;;57.579498;39.919919
60;760607;г. Ярославль;23;"Муниципальное общеобразовательное учреждение ""Средняя школа № 23""";150006, Ярославская обл., г. Ярославль, ул. Светлая, д.36;Тоболкина Ирина Сергеевна;4852;488171;yarsch23@yandex.ru;http://school23.edu.yar.ru;30;69,4;100;17;55,3;94,1;25;4,4;100;2;56;100;3;61;100;3;77,3;100;2;82,5;100;3;61,7;100;;;;8;54,6;100;19;52,3;78,9;1;39;100;;;;;;;57.56958;39.929288
61;760304;г. Ярославль;25;"Муниципальное общеобразовательное учреждение ""Средняя школа № 25 имени Александра Сивагина""";150054, Ярославская обл., г. Ярославль, ул. Угличская, д.27;Вязниковцева Ольга Леонидовна;4852;216353;yarsch025@yandex.ru;http://yarshkola25.edusite.ru;19;68,4;100;14;37,4;64,3;19;4,2;100;4;40,8;75;4;54,5;100;8;45,5;75;1;42;100;2;51;50;1;54;100;5;36,2;80;14;43,9;57,1;1;44;100;;;;;;;57.629296;39.843274
62;760105;г. Ярославль;26;"Муниципальное общеобразовательное учреждение ""Средняя школа № 26""";150033, Ярославская обл., г. Ярославль, ул. Блюхера, д.74;Дмитриева Любовь Валентиновна;4852;575465;yarsch026@yandex.ru;http://ярсош26.рф/;42;72,3;100;31;44,4;87,1;43;4,2;100;11;42,7;81,8;5;33,6;60;13;44,4;76,9;1;62;100;6;50,7;83,3;2;59,5;100;3;53;100;26;54,3;92,3;;;;;;;;;;57.691944;39.799104
63;760106;г. Ярославль;27;"Муниципальное общеобразовательное учреждение ""Средняя школа № 27""";150052, Ярославская обл., г. Ярославль, ул. Труфанова, д.4;Волчихина Инна Валентиновна;4852;569694;yarsch027@yandex.ru;http://school27.edu.yar.ru;15;65,2;100;10;41,2;90;15;4,3;100;1;32;0;2;54,5;100;6;48;83,3;;;;1;57;100;;;;;;;11;53,3;90,9;;;;;;;;;;57.67931;39.78492
64;760608;г. Ярославль;28;"муниципальное общеобразовательное учреждение ""Средняя школа № 28""";150035, Ярославская обл., г. Ярославль, ул. Калинина, д.35а;Зыкова Ольга Викторовна;4852;449845;yarsch028@yandex.ru;http://76202s028.edusite.ru;26;79,8;100;22;48;81,8;26;4,6;100;4;57;100;2;46,5;100;8;65,6;100;2;77;100;2;43;100;;;;5;59,4;100;15;61,2;93,3;;;;;;;;;;57.57139;39.866693
65;760107;г. Ярославль;29;"Муниципальное общеобразовательное учреждение ""Средняя школа № 29""";150061, Ярославская обл., г. Ярославль, Архангельский пр., д.13;Матвеев Алексей Владимирович;4852;554034;school029@yandex.ru;http://school29.edu.yar.ru;21;65;100;18;43,2;88,9;19;4,2;100;7;43,3;100;;;;5;42;60;;;;2;34,5;50;;;;3;48,7;100;18;54,7;94,4;;;;;;;;;;57.677982;39.769756
66;760501;г. Ярославль;3;"Муниципальное общеобразовательное учреждение ""Средняя школа № 3""";150043, Ярославская обл., г. Ярославль, ул. Жукова, д.7а;Истратий Елена Константиновна;4852;734640;yarsch003@yandex.ru;http://school3.edu.yar.ru;19;66,9;100;15;36,9;73,3;18;4,2;100;5;42,6;80;2;47,5;50;9;39;55,6;1;46;100;1;51;100;1;68;100;4;46,5;100;15;48,4;86,7;2;55;100;;;;;;;57.641038;39.829862
67;760504;г. Ярославль;30;"Муниципальное общеобразовательное учреждение ""Средняя школа № 30""";150031, Ярославская обл., г. Ярославль, ул. Угличская, д.60;Птицына Надежда Юрьевна;4852;517338;yarsch030@yandex.ru;http://school30.edu.yar.ru;25;70,1;100;16;41,8;100;18;4;100;6;44;100;2;50,5;100;6;44,8;100;4;49,5;100;;;;1;47;100;3;67,7;100;17;57,2;94,1;1;50;100;;;;;;;57.634534;39.818364
68;760405;г. Ярославль;31;"Муниципальное общеобразовательное учреждение ""Средняя школа № 31""";150046, Ярославская обл., г. Ярославль, ул. Нефтяников, д.26;Алешина Татьяна Николаевна;4852;310535;yarsch031@yandex.ru;http://school31.edu.yar.ru;34;73,9;100;29;44;82,8;34;4,4;100;11;42,3;81,8;3;65;100;8;56,3;62,5;;;;;;;2;58,5;100;9;52,7;100;23;53,8;87;1;48;100;;;;;;;57.583923;39.828443
69;760305;г. Ярославль;33;"муниципальное общеобразовательное учреждение ""Средняя школа № 33 им. К. Маркса с углублённым изучением математики""";150000, Ярославская обл., г. Ярославль, ул. Собинова, д.22;Головлёв Михаил Алексеевич;4852;305625;yarsch033@yandex.ru;http://www.33-school.yaroslavl.ru;75;85,5;100;74;75,5;100;20;4,9;100;25;68,1;100;13;73,4;100;12;71,8;100;;;;38;81,1;100;2;49,5;100;7;66,3;100;19;73;100;8;76,4;100;;;;;;;57.628135;39.881462
70;760505;г. Ярославль;36;"Муниципальное общеобразовательное учреждение ""Средняя школа № 36""";150054, Ярославская обл., г. Ярославль, ул. Щапова, д.14;Каретина Елена Львовна;4852;738286;yarsch036@yandex.ru;http://school36.edu.yar.ru;74;78,1;100;44;54,3;95,5;67;4,3;100;9;54,7;100;12;55,3;91,7;15;62,7;93,3;1;55;100;8;65,1;100;11;61,6;100;10;56,4;100;47;63,9;100;8;74,3;100;;;;;;;57.63345;39.854638
71;760506;г. Ярославль;37;"Муниципальное общеобразовательное учреждение ""Средняя школа № 37 с углубленным изучением английского языка""";150003, Ярославская обл., г. Ярославль, ул. Советская, д.66;Евстратова Екатерина Сергеевна;4852;736740;yarsch037@yandex.ru;http://school37.edu.yar.ru;27;80,7;100;23;43,3;95,7;15;4,7;100;2;50,5;100;1;57;100;2;53;100;;;;6;64,3;100;4;68,5;100;1;45;100;15;64,8;100;15;76;100;;;;;;;57.63873;39.880123
72;760109;г. Ярославль;39;"Муниципальное общеобразовательное учреждение ""Средняя школа № 39""";150044, Ярославская обл., г. Ярославль, ул. Урицкого, д.32а;Волкова Ольга Николаевна;4852;564004;yarsch039@yandex.ru;http://school39.edu.yar.ru;39;61,5;100;27;26,5;51,9;39;3,8;100;4;43,5;100;2;39,5;50;11;40;45,5;1;52;100;;;;3;57,7;100;4;36;75;35;48,7;77,1;1;66;100;;;;;;;57.685647;39.796185
73;760302;г. Ярославль;4;"Муниципальное общеобразовательное учреждение ""Средняя школа № 4 имени Н.А.Некрасова с углубленным изучением английского языка""";150000, Ярославская обл., г. Ярославль, ул. Волкова, д.5;Высочанская Наталья Петровна;4852;745311;yarsch004@yandex.ru;http://school4.edu.yar.ru;50;84,3;100;26;53,2;84,6;48;4,6;100;2;56;100;7;53,7;71,4;8;61,4;100;1;69;100;5;52,6;100;13;65;100;15;55;93,3;36;65;97,2;38;81,5;100;;;;;;;57.629128;39.893957
74;760407;г. Ярославль;40;"Муниципальное общеобразовательное учреждение ""Средняя школа № 40""";150002, Ярославская обл., г. Ярославль, ул. Будкина, д.11;Клёпова Светлана Станиславовна;4852;214485;yarsch040@yandex.ru;http://school40.edu.yar.ru;30;66,7;100;19;35,7;73,7;30;4,1;96,7;6;37,7;83,3;1;50;100;7;53,4;100;;;;1;42;100;2;64;100;4;45,3;100;26;47,8;73,1;;;;;;;;;;57.607528;39.83359
75;760306;г. Ярославль;42;"Муниципальное общеобразовательное учреждение ""Средняя школа № 42 им. Н.П. Гусева с углубленным изучением французского языка""";150014, Ярославская обл., г. Ярославль, ул. С.-Щедрина, д.42а;Галочкина Наталия Владимировна;4852;726362;yarsch42@yandex.ru;http://school42.edu.yar.ru;55;80,8;100;33;50,2;90,9;42;4,4;100;9;54,1;100;10;69,9;100;12;69,9;100;;;;;;;7;66;100;11;53,5;90,9;32;59,7;96,9;3;59,3;100;;;;16;78,3;100;57.624058;39.863962
76;760307;г. Ярославль;43;"Муниципальное общеобразовательное учреждение ""Средняя школа № 43 им. А.С. Пушкина с углубленным изучением немецкого языка""";150000, Ярославская обл., г. Ярославль, ул. Б.Октябрьская, д.64а;Борецкая Майя Валерьевна;4852;728611;yarsch043@yandex.ru;http://76202s043.edusite.ru;56;80,4;100;35;52,9;97,1;47;4,6;100;7;51,9;100;10;65,7;100;11;67,2;90,9;;;;10;62,4;90;5;54,8;100;9;67,2;100;26;66,2;92,3;3;57,3;66,7;12;83,7;100;;;;57.622096;39.873754
77;760508;г. Ярославль;44;"муниципальное общеобразовательное учреждение ""Средняя школа № 44""";150040, Ярославская обл., г. Ярославль, ул. Победы, д.28;Бабунина Светлана Юрьевна;4852;250895;yarsch044@yandex.ru;http://school44.edu.yar.ru;41;65,5;100;25;38,8;84;36;4;97,2;11;43,8;90,9;1;62;100;10;28,9;10;6;42,8;83,3;5;52,4;100;1;63;100;9;36,8;66,7;30;45;66,7;;;;;;;;;;57.633517;39.870619
78;760205;г. Ярославль;47;"Муниципальное общеобразовательное учреждение ""Средняя школа № 47""";150008, Ярославская обл., г. Ярославль, ул. Клубная, д.23;Мазурец Елена Николаевна;4852;249206;yarsch047@yandex.ru;http://school47.edu.yar.ru;21;63,2;100;11;36,4;81,8;21;4;100;5;43,4;100;2;44;100;5;37,8;60;;;;4;45,5;75;1;53;100;1;71;100;7;50;85,7;;;;;;;;;;57.607147;39.958025
79;760206;г. Ярославль;48;"Муниципальное общеобразовательное учреждение ""Средняя школа № 48""";150065, Ярославская обл., г. Ярославль, ул. Папанина, д.10а;Журина Ирина Николаевна;4852;753442;yarsch048@yandex.ru;http://school48.edu.yar.ru;38;69,5;100;33;38,6;84,8;38;4,3;100;5;46,2;100;7;55,3;100;10;52,4;90;2;53;100;3;46,3;100;2;53;100;6;45,8;100;24;51,8;91,7;2;53;100;;;;;;;57.642141;39.953309
80;760308;г. Ярославль;49;"Муниципальное общеобразовательное учреждение ""Средняя школа № 49""";150014, Ярославская обл., г. Ярославль, ул. Свободы, д.77;Воробьева Галина Сергеевна;4852;214695;yarsch049@yandex.ru;http://school49yar.ru;63;81,2;100;31;60,3;96,8;57;4,7;100;5;67,2;100;13;67,2;100;13;73,8;100;;;;5;63;100;5;66,2;100;14;64,6;100;40;70,7;100;15;73,6;100;;;;;;;57.626005;39.860127
81;760101;г. Ярославль;5;"Муниципальное общеобразовательное учреждение ""Средняя школа № 5 им.О.А.Варенцовой""";150060, Ярославская обл., г. Ярославль, ул. Туманова, д.10в;Петрова Ирина Валентиновна;4852;538395;yarsch005@yandex.ru;http://school5.edu.yar.ru;15;55,9;100;7;33,9;71,4;15;3,9;100;3;41,3;100;3;49;66,7;2;42;50;1;17;0;;;;;;;1;56;100;7;42,1;28,6;;;;;;;;;;57.690578;39.767582
82;760209;г. Ярославль;52;"Муниципальное общеобразовательное учреждение ""Средняя школа № 52""";150051, Ярославская обл., г. Ярославль, ул. Саукова, д.13;Алексеева Наталья Михайловна;4852;247666;yarsch052@yandex.ru;http://school52.edu.yar.ru;29;75,4;100;23;50,4;95,7;25;4,4;100;8;57;100;3;52;100;4;55,5;100;1;66;100;2;74,5;100;2;56;100;2;71,5;100;19;62,9;94,7;1;68;100;;;;;;;57.64586;39.949141
83;760110;г. Ярославль;55;"Муниципальное общеобразовательное учреждение ""Средняя школа № 55""";150061, Ярославская обл., г. Ярославль, ул. Громова, д.36;Боронова Анна Валерьевна;4852;563926;yarsch055@yandex.ru;http://s55.yar.fcior.edu.ru;32;74,4;100;22;45,2;86,4;30;4,3;100;6;49,3;100;6;50,5;83,3;9;58,4;100;1;58;100;3;47,7;66,7;;;;11;46,3;100;20;57,2;100;1;85;100;;;;;;;57.680046;39.766181
84;760111;г. Ярославль;56;"муниципальное общеобразовательное учреждение ""Средняя школа № 56""";150064, Ярославская обл., г. Ярославль, ул. Моторостроителей, д.10;Озерова Татьяна Николаевна ;4852;561170;yarsch056@yandex.ru;http://school56.edu.yar.ru;32;71;100;19;51,1;84,2;31;4,3;100;6;50,8;100;5;64,6;100;11;57,5;100;;;;7;71,4;100;1;49;100;4;40,5;100;11;49;72,7;1;44;100;;;;;;;57.702771;39.762821
85;760112;г. Ярославль;58;"Муниципальное общеобразовательное учреждение ""Средняя школа № 58 с углубленным изучением предметов естественно-математического цикла""";150064, Ярославская обл., г. Ярославль, ул. Труфанова, д.21а;Остапенко Ирина Сергеевна;4852;533111;yarsch058@yandex.ru;http://school58.edu.yar.ru;81;78,9;100;77;58,1;97,4;42;4,5;100;25;55;100;18;58,7;94,4;21;62,4;90,5;;;;35;67,9;100;2;69;100;9;58,1;100;39;58,5;92,3;4;72,5;100;;;;;;;57.685806;39.76115
86;760210;г. Ярославль;59;"Муниципальное общеобразовательное учреждение ""Средняя школа № 59""";150062, Ярославская обл., г. Ярославль, ул. Серго Орджоникидзе, д.35а;Квитницкая Галина Львовна;4852;246575;yarsch059@yandex.ru;http://school59.edu.yar.ru;51;72,7;100;40;50,7;90;44;4,4;100;12;51,5;100;10;47,5;90;11;54;100;;;;6;66,7;100;3;54;100;11;47,3;90,9;33;57,3;97;1;57;100;;;;;;;57.652809;39.955438
87;760113;г. Ярославль;60;"Муниципальное общеобразовательное учреждение ""Средняя школа № 60""";150018, Ярославская обл., г. Ярославль, ул. Б.Любимская, д.71;Саматоева Светлана Львовна;4852;539465;yarsch060@yandex.ru;http://school60.edu.yar.ru;15;62,7;93,3;2;47,5;50;15;4;93,3;1;39;100;1;60;100;3;48,7;66,7;;;;;;;;;;8;43,1;87,5;13;50,2;76,9;;;;;;;;;;57.718657;39.779323
88;760114;г. Ярославль;62;"Муниципальное общеобразовательное учреждение ""Средняя школа № 62""";150045, Ярославская обл., г. Ярославль, ул. Труфанова, д.16;Кокуева Татьяна Дмитриевна ;4852;550626;yarsch062@yandex.ru;http://school62.edu.yar.ru;30;64;100;23;38;73,9;28;4,3;100;8;47,6;100;2;55,5;100;6;50,7;100;2;61;100;;;;;;;7;35,9;85,7;21;47,8;85,7;;;;;;;;;;57.682779;39.774769
89;760211;г. Ярославль;67;"Муниципальное общеобразовательное учреждение ""Средняя школа № 67""";150034, Ярославская обл., г. Ярославль, ул. Панфилова, д.9а;Дроздова Наталья Юрьевна;4852;384155;yarsch067@yandex.ru;http://school67.edu.yar.ru;21;64,8;100;12;37,3;75;21;3,9;95,2;2;45,5;100;3;40;100;10;37,9;70;;;;2;60;100;1;65;100;6;47,2;83,3;14;47,9;64,3;;;;;;;;;;57.721757;39.830204
90;760613;г. Ярославль;68;"Муниципальное общеобразовательное учреждение ""Средняя школа № 68""";150035, Ярославская обл., г. Ярославль, ул. Калинина, д.37а;Голубева Маргарита Алексеевна;4852;456876;yarsch068@yandex.ru;http://school68.edu.yar.ru;25;69,8;100;12;37,3;83,3;25;4,2;100;2;44;100;4;53,5;100;5;68,4;100;;;;3;36,7;66,7;2;60,5;100;4;52;100;13;55,5;100;1;73;100;;;;;;;57.570377;39.868499
91;760212;г. Ярославль;69;"Муниципальное общеобразовательное учреждение ""Средняя школа № 69""";150034, Ярославская обл., г. Ярославль, ул. Лебедева, д.3а;Анисимова Любовь Владимировна;4852;383935;yarsch069@yandex.ru;http://school69.edu.yar.ru;17;70,5;100;12;34,8;83,3;17;4,4;100;4;43,3;100;;;;5;43,2;80;;;;2;52,5;100;2;62,5;100;3;38,3;33,3;16;52,7;93,8;2;25,5;100;;;;;;;57.724031;39.833168
92;760303;г. Ярославль;7;"Муниципальное общеобразовательное учреждение ""Средняя школа № 7""";150014, Ярославская обл., г. Ярославль, ул. Победы, д.46;Замесова Тамара Юрьевна;4852;329087;yarsch007@yandex.ru;http://school7.edu.yar.ru;20;60,3;95;9;43,9;100;20;4;95;4;31,3;50;1;31;0;9;39,8;55,6;4;33,5;25;1;14;0;;;;2;45,5;100;17;49,2;82,4;;;;;;;;;;57.624125;39.867574
93;760310;г. Ярославль;70;"Муниципальное общеобразовательное учреждение ""Средняя школа № 70""";150003, Ярославская обл., г. Ярославль, ул. Терешковой, д.20;Луковикова Ирина Ивановна;4852;305500;yarsch070@yandex.ru;http://school70.edu.yar.ru;25;67,5;100;16;38,8;81,3;25;4,6;100;2;53;100;2;33,5;50;4;47;100;1;55;100;2;46,5;50;3;68,7;100;9;48,2;88,9;18;53,5;100;4;77,8;100;;;;;;;57.635464;39.887561
94;760510;г. Ярославль;71;"Муниципальное общеобразовательное учреждение ""Средняя школа № 71""";150040, Ярославская обл., г. Ярославль, ул. Свердлова, д.62;Медведева Ольга Васильевна;4852;738720;yarsch071@yandex.ru;http://school71.edu.yar.ru;47;67,1;100;25;38,6;88;36;3,9;97,2;6;43,8;83,3;6;47,5;83,3;10;43,7;80;;;;3;55;100;9;46,3;77,8;14;41,9;85,7;30;49,7;76,7;5;60,4;100;;;;;;;57.631098;39.866648
95;760116;г. Ярославль;72;"Муниципальное общеобразовательное учреждение ""Средняя школа № 72""";150042, Ярославская обл., г. Ярославль, ул. Е.Колесовой, д.26;Курбанова Светлана Викторовна;4852;550283;sch072yar@yandex.ru;http://school72.edu.yar.ru;11;71,4;100;10;37,4;70;7;4,3;100;6;43,8;83,3;;;;1;59;100;;;;1;72;100;;;;;;;6;55,7;100;;;;;;;;;;57.682269;39.807108
96;760511;г. Ярославль;74;"Муниципальное общеобразовательное учреждение ""Средняя школа № 74 имени Ю.А.Гагарина""";150054, Ярославская обл., г. Ярославль, ул. Тургенева, д.14;Буханцева Елена Борисовна;4852;735575;yarsch074@yandex.ru;http://school74.edu.yar.ru;16;68,4;100;9;45,4;77,8;16;4,3;100;2;50;100;4;54,3;100;4;55,8;100;1;53;100;1;40;100;;;;6;44,7;83,3;9;59,6;100;1;54;100;;;;;;;57.633214;39.849059
97;760409;г. Ярославль;75;"Муниципальное общеобразовательное учреждение ""Средняя школа № 75""";150023, Ярославская обл., г. Ярославль, ул. Рыкачева, д.1;Прокопчук Алла Павловна;4852;441618;yarsch075@yandex.ru;http://school75.edu.yar.ru;24;77;100;21;45,9;90,5;24;4,6;100;4;48,8;100;7;47,1;85,7;10;57,7;90;1;51;100;1;57;100;2;58,5;100;2;50;50;11;54,2;90,9;;;;;;;;;;57.578267;39.842367
98;760512;г. Ярославль;76;"Муниципальное общеобразовательное учреждение ""Средняя школа № 76""";150031, Ярославская обл., г. Ярославль, ул. Автозаводская, д.69д;Герасимов Сергей Дмитриевич;4852;276712;yarsch76@yandex.ru;http://school76.edu.yar.ru/;40;71,2;100;38;45,9;94,7;40;4,4;100;11;41,6;90,9;3;50;66,7;5;72,4;100;;;;9;68,1;100;;;;3;58,7;100;23;58,1;91,3;3;80;100;;;;;;;57.64086;39.819541
99;760615;г. Ярославль;78;"муниципальное общеобразовательное учреждение ""Средняя школа № 78""";150010, Ярославская обл., г. Ярославль, ул. Пирогова, д.12;Дмитриева Елена Владимировна ;4852;412960;yarsch078@yandex.ru;http://school78.edu.yar.ru;24;67,9;100;16;37,1;75;24;4,2;100;4;32,8;75;2;27;50;6;46,3;83,3;1;57;100;;;;4;50,3;100;3;54,3;100;20;52,4;85;1;62;100;;;;;;;57.553083;39.933232
100;760401;г. Ярославль;8;"Муниципальное общеобразовательное учреждение ""Средняя школа № 8""";150029, Ярославская обл., г. Ярославль, ул. Бахвалова, д.3;Батузова Ирина Владимировна;4852;217323;yarsch008@yandex.ru;http://school8.edu.yar.ru;26;59,5;100;13;33,6;84,6;26;3,9;96,2;6;42;83,3;2;29;50;8;41,1;75;;;;1;7;0;2;57,5;100;2;39,5;100;22;42;50;;;;;;;;;;57.609042;39.818526
101;760117;г. Ярославль;80;"Муниципальное общеобразовательное учреждение ""Средняя школа № 80 с углубленным изучением английского языка""";150044, Ярославская обл., г. Ярославль, ул. Е.Колесовой, д.38;Хитрова Галина Владиславовна;4852;563588;yarsch080@yandex.ru;http://76202s080.edusite.ru;43;75,2;100;27;47,7;96,3;28;4,1;96,4;7;47,1;100;4;52;100;5;72,6;100;;;;5;68,8;100;3;75;100;7;57,6;100;24;67,7;100;17;78,1;100;;;;;;;57.680523;39.802446
102;760118;г. Ярославль;81;"Муниципальное общеобразовательное учреждение ""Средняя школа № 81""";150042, Ярославская обл., г. Ярославль, ул. Блюхера, д.32а;Лежникова Ирина Витальевна;4852;550495;yarsch-081@yandex.ru;http://81.yarsch.com;13;66,8;100;11;27,2;63,6;13;4,1;100;2;34;50;2;29,5;50;8;42,6;62,5;1;50;100;1;0;0;;;;1;44;100;12;49,2;83,3;;;;;;;;;;57.68506;39.810989
103;760215;г. Ярославль;83;"Муниципальное общеобразовательное учреждение ""Средняя школа № 83""";150051, Ярославская обл., г. Ярославль, Школьный пр., д.15;Глазкова Ольга Викторовна;4852;248816;yarsch083@yandex.ru;http://school83.edu.yar.ru;20;73,1;100;16;36;93,8;19;4,2;100;3;48;100;8;52,3;100;10;59,6;100;1;44;100;2;60,5;100;;;;3;33;66,7;7;53,4;100;;;;;;;;;;57.6482;39.958932
104;760216;г. Ярославль;84;"Муниципальное общеобразовательное учреждение ""Средняя школа № 84 с углубленным изучением английского языка""";150062, Ярославская обл., г. Ярославль, пр. Доброхотова, д.8;Юдина Елена Донатовна;4852;240165;yarsch084@yandex.ru;http://school84.edu.yar.ru;25;69,9;100;18;48,4;94,4;25;4,5;100;7;50,6;100;3;53,7;100;6;53,3;100;1;78;100;4;55,5;75;1;49;100;4;54,3;100;14;56,1;100;3;85,7;100;;;;;;;57.653686;39.948745
105;760120;г. Ярославль;87;"Муниципальное общеобразовательное учреждение ""Средняя школа № 87""";150064, Ярославская обл., г. Ярославль, Ленинградский пр-т, д.68а;Важнова Ольга Геннадьевна;4852;543934;yarsch087@yandex.ru;http://shkola87.ru;23;79;100;21;47,4;85,7;23;4,5;100;7;51;100;2;50;100;4;50,8;100;;;;3;60;100;3;68;100;3;57,7;100;13;64,9;100;;;;;;;;;;57.697202;39.773152
106;760617;г. Ярославль;88;"Муниципальное общеобразовательное учреждение ""Средняя школа № 88""";150010, Ярославская обл., г. Ярославль, ул. Звездная, д.11;Кузнецов Виктор Васильевич;4852;466443;yarsch088@yandex.ru;http://школа88.рф;54;70,4;100;46;39,2;69,6;54;4,4;98,1;17;52,2;100;3;23,7;33,3;8;45,3;75;1;62;100;4;63,3;100;6;51,5;83,3;7;52,1;100;45;53,2;84,4;1;78;100;;;;;;;57.559447;39.922802
107;760618;г. Ярославль;89;"Муниципальное общеобразовательное учреждение ""Средняя школа № 89""";150006, Ярославская обл., г. Ярославль, пр-т Фрунзе, д.75а;Белькова Тамара Рафасовна;4852;462214;yarsch89@yandex.ru;http://school89.edu.yar.ru;32;74,9;100;27;49,5;88,9;32;4,6;100;9;49,1;100;1;56;100;2;65;100;;;;5;52;80;1;52;100;6;51,8;100;23;52;82,6;2;73;100;;;;;;;57.566607;39.93316
108;760502;г. Ярославль;9;"Муниципальное общеобразовательное учреждение ""Средняя школа № 9 имени Ивана Ткаченко""";150043, Ярославская обл., г. Ярославль, ул. Чкалова, д.26;Шевченко Сергей Борисович;4852;722811;yarsch009@yandex.ru;http://school9.edu.yar.ru;19;67,7;100;11;40,9;63,6;19;4,2;100;1;52;100;1;21;0;6;37,8;83,3;;;;1;42;100;;;;3;63,7;100;10;57,6;70;1;47;100;;;;;;;57.638229;39.841819
109;760121;г. Ярославль;90;"Муниципальное общеобразовательное учреждение ""Средняя школа № 90""";150064, Ярославская обл., г. Ярославль, Ленинградский пр-т, д.64а;Куприянова Наталия Наримановна;4852;536555;yarsch090@yandex.ru;http://school90.edu.yar.ru;46;72,1;100;35;45,5;85,7;46;4,4;100;8;49,8;87,5;5;55,6;100;11;57,7;81,8;;;;2;64,5;100;2;47;100;13;51,8;100;32;53,8;87,5;4;58,8;100;;;;;;;57.695552;39.777113
110;760314;г. Ярославль;;"Муниципальное общеобразовательное учреждение ""Средняя школа с углубленным изучением отдельных предметов ""Провинциальный колледж""";150049, Ярославская обл., г. Ярославль, ул. Б.Октябрьская, 79;Семко Елена Романовна;4852;212385;yarprovcol@yandex.ru;http://pcollege.edu.yar.ru;115;78,5;100;78;58,5;97,4;86;4,5;100;14;55,5;92,9;5;69;100;15;68,8;100;1;45;100;27;71,3;100;11;61,9;100;39;59,9;100;75;61,7;98,7;18;80,2;100;;;;;;;57.620279;39.857063
111;762421;Гаврилов-Ямский;;"Муниципальное общеобразовательное бюджетное учреждение ""Пружининская средняя школа""";152236, Ярославская обл., Гаврилов-Ямский р-н, с. Пружинино, ул. Центральная, д.41;Бучнева Анна Борисовна;48534;34115;pruzhinino-edu@yandex.ru;http://pruzh-gav.edu.yar.ru;1;69;100;1;18;0;1;4;100;1;44;100;;;;;;;;;;;;;;;;;;;;;;;;;;;;;;;57.296142;40.173809
112;763802;Гаврилов-Ямский;2;"Муниципальное общеобразовательное бюджетное учреждение ""Средняя школа № 2""";152240, Ярославская обл., Гаврилов-Ямский р-н, г. Гаврилов-Ям, ул. Калинина, д.4;Акимова Татьяна Леонидовна;48534;21878;gav-yam-school2@rambler.ru;http://sh2gav.edu.yar.ru;10;67,4;100;1;56;100;10;4;100;;;;1;24;0;2;42;100;;;;;;;;;;1;67;100;4;55,3;75;;;;;;;;;;57.30382;39.857063
113;762423;Гаврилов-Ямский;;"Муниципальное общеобразовательное бюджетное учреждение ""Стогинская средняя школа""";152231, Ярославская обл., Гаврилов-Ямский р-н, с. Стогинское, ул. Центральная, д.16;Большакова Светлана Геннадьевна;48534;35132;stog-school@rambler.ru;http://stog-gav.edu.yar.ru;5;64;100;5;26,6;40;5;4,2;100;;;;1;68;100;1;68;100;;;;;;;;;;1;44;100;2;49;100;;;;;;;;;;57.236998;40.053776
114;762426;Гаврилов-Ямский;;"Муниципальное общеобразовательное бюджетное учреждение ""Шопшинская средняя школа""";152252, Ярославская обл., Гаврилов-Ямский р-н, с. Шопша, ул. Центральная, д.5;Абрамова Майя Александровна;48534;32731;sop-school@rambler.ru;http://shopsh-gav.edu.yar.ru/;2;90,5;100;2;62,5;100;2;5;100;1;85;100;;;;;;;;;;;;;;;;1;70;100;2;70;100;;;;;;;;;;57.423281;39.641602
115;762409;Гаврилов-Ямский;;"Муниципальное общеобразовательное учреждение ""Великосельская средняя школа Гаврилов-Ямского муниципального района""";152250, Ярославская обл., Гаврилов-Ямский р-н, с. Великое, ул. Некрасовская, д.1;Ежикова Марина Станиславовна;48534;38144;velikoeschool@gmail.com;http://www.velikoeschool.ru;4;67,8;100;3;22,7;66,7;4;4,5;100;;;;;;;;;;;;;;;;;;;1;36;100;4;48,3;100;;;;;;;;;;57.350301;39.765983
116;763801;Гаврилов-Ямский;1;"Муниципальное общеобразовательное учреждение ""Средняя школа № 1""";152240, Ярославская обл., Гаврилов-Ямский р-н, г. Гаврилов-Ям, ул. Юбилейный пр., д.5;Поздышева Галина Александровна;48534;23078;gav-yam1@rambler.ru;http://sh1gav.edu.yar.ru;34;74,9;100;19;49,3;94,7;34;4,5;100;2;48;100;4;59,8;100;13;50,1;92,3;;;;2;49,5;100;;;;8;54;100;21;60,4;100;3;62,3;100;;;;;;;57.301574;39.869137
117;763803;Гаврилов-Ямский;3;"Муниципальное общеобразовательное учреждение ""Средняя школа № 3"" г. Гаврилов-Яма";152240, Ярославская обл., Гаврилов-Ямский р-н, г. Гаврилов-Ям, ул. Чернышевского, д.1;Онегина Наталия Павловна;48534;23278;soch3gavyam762007@rambler.ru;http://76413s003.edusite.ru;8;73;100;2;34;50;8;4,1;100;;;;1;60;100;;;;;;;;;;2;62,5;100;3;44;100;7;51,9;85,7;;;;;;;;;;57.293846;39.846185
118;763806;Гаврилов-Ямский;6;"Муниципальное общеобразовательное учреждение ""Средняя школа № 6""";152240, Ярославская обл., Гаврилов-Ямский р-н, г. Гаврилов-Ям, ул. Кирова, д.13;Меледина Ирина Юрьевна;48534;24278;gav-jam-school6@yandex.ru;http://sh6gav.edu.yar.ru;52;75;100;42;49,3;90,5;52;4,5;100;10;50,1;100;6;72,3;100;12;55,4;83,3;;;;1;50;100;1;71;100;8;54,1;100;32;57,6;100;2;41,5;100;;;;;;;57.306231;39.865184
119;761125;ГОУ;;"государственное общеобразовательное учреждение Ярославской области ""Центр помощи детям""";150040, Ярославская обл., г. Ярославль, ул. Некрасова, д.58;Иванова Татьяна Александровна;4852;739081, 738304;cpd.yaroslavl@mail.ru;http://cpd.yaroslavl.ru/;3;46,7;100;1;18;0;3;2,7;66,7;;;;;;;1;23;0;;;;;;;;;;;;;2;46;50;;;;;;;;;;57.633479;39.868292
120;762509;Даниловский;;муниципальное бюджетное общеобразовательное учреждение Дмитриевская средняя школа Даниловского района Ярославской области;152060, Ярославская обл., Даниловский р-н, с. Дмитриевское, ул. Южная, д.28;Ремизова Елена Владимировна;48538;33119;dmitr.schkola@yandex.ru;http://76308s023.edusite.ru;2;69;100;2;42;100;2;4,5;100;;;;;;;1;49;100;;;;;;;;;;;;;2;53,5;100;;;;;;;;;;57.996439;40.177744
121;762515;Даниловский;;муниципальное бюджетное общеобразовательное учреждение Макаровская средняя школа Даниловского района Ярославской области;152077, Ярославская обл., Даниловский р-н, д. Макарово, ул. Вологодская, д.18 ;Пучков Владимир Михайлович;48538;35527;makarovosohs@mail.ru;http://76308s024.edusite.ru;5;64,4;100;1;27;100;5;4;100;1;42;100;;;;1;48;100;;;;;;;;;;1;11;0;1;34;0;;;;;;;;;;58.311445;40.214862
122;762523;Даниловский;;муниципальное бюджетное общеобразовательное учреждение Середская средняя школа Даниловского района Ярославской области;152061, Ярославская обл., Даниловский р-н, с. Середа, ул. Октябрьская, д.34 ;Абрамова Надежда Валентиновна;48538;31110;seredskayshkola@mail.ru;http://seredskayshkola.edu.yar.ru;5;59,6;100;3;46,7;100;5;4,6;100;;;;;;;1;71;100;1;69;100;;;;;;;;;;2;56;100;;;;;;;;;;58.001418;40.439872
123;762525;Даниловский;;муниципальное бюджетное общеобразовательное учреждение Скоковская средняя школа Даниловского района Ярославской области;152084, Ярославская обл., Даниловский р-н, д. Туфаново, ул. Колхозная, д.3 ;Тихомирова Татьяна Владимировна;48538;34116;skokovo-shool@yandex.ru;http://76308s025.edusite.ru;7;66,9;100;1;14;0;7;4,1;100;;;;;;;1;68;100;2;48,5;100;;;;;;;;;;5;49,8;80;;;;;;;;;;57.993014;40.037167
124;762526;Даниловский;;муниципальное бюджетное общеобразовательное учреждение Спасская средняя школа Даниловского района Ярославской области;152090, Ярославская обл., Даниловский р-н, с. Спас, ул. Школьная, д.2 ;Галецкая Валентина Николаевна;48538;33673;spas_shcool@mail.ru;http://www.76308s022.edusite.ru;4;68,5;100;2;39;100;4;4,5;100;;;;;;;1;48;100;;;;;;;;;;;;;1;47;100;;;;;;;;;;58.20909;39.890319
125;763901;Даниловский;1;муниципальное бюджетное общеобразовательное учреждение средняя школа № 1 г.Данилова Ярославской области ;152070, Ярославская обл., Даниловский р-н, г. Данилов, пл. Советская, д.4 ;Косихина Надежда Михайловна;48538;50761;dan_school1@list.ru;http://www.76308s001.edusite.ru;14;75,2;100;5;62,4;100;14;4,6;100;3;45,3;100;1;100;100;3;61;66,7;;;;1;59;100;3;60,7;100;1;65;100;5;71;100;1;43;100;;;;;;;58.189289;40.174923
126;763905;Даниловский;12;муниципальное бюджетное общеобразовательное учреждение средняя школа № 12 г. Данилова Ярославской области;152070, Ярославская обл., Даниловский р-н, г. Данилов, ул. Урицкого, д.58-а ;Петрова Татьяна Алексеевна;48538;52679;danshcola12@mail.ru;http://76308s012.edusite.ru;18;68,6;100;12;50,4;100;18;4,3;100;4;49,5;100;2;63;100;3;53,3;100;;;;;;;;;;3;61;100;9;51,1;100;1;58;100;;;;;;;58.192567;40.17478
127;763902;Даниловский;2;муниципальное бюджетное общеобразовательное учреждение средняя школа № 2 им. В.И.Ленина г.Данилова Ярославской области ;152070, Ярославская обл., Даниловский р-н, г. Данилов, ул. Урицкого, д.46 ;Тихомирова Галина Александровна;48538;52579;mousoshdan2@mail.ru;http://sch2dan.edu.yar.ru;30;76,9;100;18;60,6;100;30;4,5;100;11;57,9;100;2;48;100;2;41,5;100;;;;4;73;100;1;63;100;5;59,4;80;14;61,1;100;1;87;100;;;;;;;58.191932;40.172103
128;762521;Даниловский;;муниципальное бюджетное общеобразовательное учреждение средняя школа имени Мичурина Даниловского района Ярославской области;152063, Ярославская обл., Даниловский р-н, д. Семлово, ул. Школьная, д.5 ;Головяшкина Надежда Васильевна;48538;32420;imMichurina@mail.ru;http://76308s026.edusite.ru;5;74,6;100;5;36,6;60;5;4,2;100;1;41;100;;;;;;;;;;;;;;;;2;48,5;100;3;58,7;100;;;;;;;;;;58.085362;40.359644
129;764011;Любимский;;Муниципальное образовательное учреждение Любимская вечерняя (сменная) общеобразовательная школа ;152470, Ярославская обл., Любимский р-н, г. Любим, ул. Даниловская, д.66;Елисеева Елена Михайловна;48543;22472;vecherka2007@km.ru;http://vsh-lub.edu.yar.ru;3;52,3;100;1;27;100;2;2,5;50;;;;;;;2;33;50;;;;;;;;;;;;;1;36;0;;;;;;;;;;58.357052;40.696108
130;764013;Любимский;;Муниципальное образовательное учреждение Любимская средняя общеобразовательная школа;152470, Ярославская обл., Любимский р-н, г. Любим, ул. Даниловская, д.66;Смирнова?Надежда?Николаевна;48543;21072;lyubssch@mail.ru;http://lub-sch.edu.yar.ru;34;74,9;100;29;50,4;86,2;28;4,5;100;4;56,8;100;3;70;100;6;61;100;;;;4;71,3;100;1;68;100;7;48,9;100;28;52,7;85,7;1;58;100;;;;;;;58.357052;40.696108
131;762605;Любимский;;Муниципальное общеобразовательное учреждение Ермаковская средняя общеобразовательная школа ;152490, Ярославская обл., Любимский р-н, д. Ермаково, ул. Центральная, д.17/1;Заварина Наталья Михайловна;48543;24114;erlub@list.ru;http://ermak-lub.edu.yar.ru;3;58,3;100;2;25;50;3;3,7;100;2;43;100;;;;;;;;;;;;;;;;;;;3;51;100;;;;;;;;;;58.322175;41.009386
132;762606;Любимский;;Муниципальное общеобразовательное учреждение Закобякинская средняя общеобразовательная школа ;152482, Ярославская обл., Любимский р-н, с. Закобякино, ул. Школьная, д.5;Савушкина Галина Владимировна;48543;25168;sakobyakino@yandex.ru;http://zakb-lub.edu.yar.ru;5;68,8;100;5;24,2;40;5;4,2;100;1;41;100;;;;2;37,5;50;;;;;;;;;;3;41;100;3;52,3;100;;;;;;;;;;58.104279;40.725213
133;764112;Мышкинский;;муниципальное общеобразовательное учреждение Мышкинская средняя общеобразовательная школа ;152830, Ярославская обл., Мышкинский р-н, г. Мышкин, ул. Загородная, д.93 ;Лихачева Елена Николаевна;48544;28150, 21558;len62@mail.ru;http://shmsh.edu.yar.ru ;12;75,3;100;10;36,5;70;7;4;100;;;;2;39,5;100;2;43;100;1;66;100;3;29;66,7;;;;2;58;100;11;54,4;90,9;1;38;100;;;;;;;57.794651;38.463794
134;762715;Мышкинский;;муниципальное общеобразовательное учреждение Рождественская средняя общеобразовательная школа ;152845, Ярославская обл., Мышкинский р-н, с. Рождествено, ул. Школьная, д.11;Карасева Татьяна Александровна;48544;24538;mourssh@yandex.ru;http://76418s004.edusite.ru;1;66;100;;;;1;4;100;;;;;;;1;36;100;;;;;;;;;;;;;;;;;;;;;;;;;57.728577;37.942637
135;762802;Некоузский;;муниципальное общеобразовательное учреждение Борковская средняя общеобразовательная школа имени И.Д. Папанина ;152742, Ярославская обл., Некоузский р-н, пос. Борок, д. 134 ;Соколова Ольга Александровна;48547;24308;borkovskaya-shkola@yandex.ru;http://borokshkola.ucoz.ru;16;74;100;14;43;71,4;16;4,7;100;3;58,7;100;4;43,8;50;5;67;100;;;;4;52;75;2;73;100;1;44;100;10;55,4;90;1;76;100;;;;;;;58.063588;38.235901
136;762804;Некоузский;;Муниципальное общеобразовательное учреждение Волжская средняя общеобразовательная школа ;152750, Ярославская обл., Некоузский р-н, пос. Волга, ул. Линейная, д.3 ;Иванова Ирина Анатольевна;48547;26493;volga-school@mail.ru;http://volz-shnkz.edu.yar.ru/;7;72,7;100;5;51,4;100;6;4;100;3;55;100;;;;1;47;100;;;;;;;;;;1;75;100;4;57,5;100;;;;;;;;;;57.949167;38.389926
137;762806;Некоузский;;муниципальное общеобразовательное учреждение Воскресенская средняя общеобразовательная школа ;152710, Ярославская обл., Некоузский р-н, с. Воскресенское, ул. Центральная, д.37 ;Антонова Наталья Алексеевна;48547;31472;nekvocosh@yandex.ru;http://vosk-shnkz.edu.yar.ru/;7;59,9;85,7;5;50,8;100;6;4,2;83,3;1;46;100;;;;1;42;100;;;;2;44;100;;;;4;61,3;100;4;61;100;;;;;;;;;;57.953853;37.894262
138;762810;Некоузский;;муниципальное общеобразовательное учреждение Мокеевская средняя общеобразовательная школа ;152701, Ярославская обл., Некоузский р-н, с. Мокеиха, ул. Вокзальная, д.6 ;Соколова Лидия Яковлевна;48547;23213;mokeiha.sosh@yandex.ru;http://moksosh.ru/;2;75;100;2;49,5;100;2;4,5;100;2;48;100;;;;;;;;;;;;;;;;;;;2;56;100;;;;;;;;;;57.943827;37.394521
139;762811;Некоузский;;муниципальное общеобразовательное учреждение Некоузская вечерняя (сменная) общеобразовательная школа ;152730, Ярославская обл., Некоузский р-н, с. Новый Некоуз, ул. Колхозная, д.42 ;Лебедева Елена Валентиновна;48547;21199;oly6755@yandex.ru;http://vsh-nkz.edu.yar.ru;2;60;100;;;;2;3;50;;;;;;;;;;;;;;;;;;;;;;;;;;;;;;;;;;57.903851;38.0632
140;762813;Некоузский;;муниципальное общеобразовательное учреждение Некоузская средняя общеобразовательная школа ;152730, Ярославская обл., Некоузский р-н, с. Новый Некоуз, ул. Советская, д.38 ;Бесперстова Валентина Александровна;48547;21080;skol1994@mail.ru;http://sch-nkz.edu.yar.ru;20;75,1;100;18;48,8;94,4;11;4,1;100;8;56;100;1;49;100;3;48,3;100;;;;1;72;100;1;62;100;;;;7;63,1;100;1;58;100;;;;;;;57.901833;38.059975
141;762815;Некоузский;;муниципальное общеобразовательное учреждение Октябрьская средняя общеобразовательная школа ;152700, Ярославская обл., Некоузский р-н, пос. Октябрь, ул. Ленина, д.11 ;Парфентьев Олег Витальевич;48547;31240;oktjabrskaja.sosh@rambler.ru;http://oktschool.edu.yar.ru/;4;73,5;100;4;49;100;4;4,8;100;;;;;;;1;50;100;;;;;;;;;;;;;4;57,8;100;;;;;;;;;;57.822519;37.385475
142;762821;Некоузский;;муниципальное общеобразовательное учреждение Шестихинская средняя общеобразовательная школа ;152751, Ярославская обл., Некоузский р-н, д. Новая Ура, ул. Центральная, д.5 ;Власов Алексей Викторович;48547;32695;shestihinoschool@yandex.ru;http://shestihino.ucoz.ru/;4;56,5;100;1;50;100;4;3,5;100;1;46;100;;;;;;;;;;;;;;;;;;;;;;;;;;;;;;;57.931549;38.193761
143;762914;Некрасовский;;муниципальное бюджетное образовательное учреждение Левашовская средняя общеобразовательная школа;152262, Ярославская обл., Некрасовский р-н, с. Левашово, ул. Молодежная, д.13;Стрижова Елена Сергеевна;48531;35371;direktor.lsch@yandex.ru;http://levashov.edu.yar.ru;4;71;100;4;47,8;100;4;4,8;100;;;;;;;;;;;;;1;27;0;1;52;100;1;43;100;4;49,3;50;;;;;;;;;;57.641206;40.534447
144;762902;Некрасовский;1;муниципальное бюджетное общеобразовательное учреждение Бурмакинская средняя общеобразовательная школа № 1;152291, Ярославская обл., Некрасовский р-н, пос. Бурмакино, ул. Советская, д.6а;Гавриленко Ирина Владимировна;48531;54197;burmschool_1@mail.ru;http://schbur.edu.yar.ru;11;74,2;100;3;31,7;66,7;11;4,5;100;3;40;66,7;2;64;100;2;82;100;;;;;;;;;;4;57,3;100;6;62,3;100;;;;;;;;;;57.442297;40.314944
145;762904;Некрасовский;;муниципальное бюджетное общеобразовательное учреждение Вятская средняя общеобразовательная школа;152286, Ярославская обл., Некрасовский р-н, с. Вятское, ул. Давыдковская, д.25;Петров Василий Григорьевич;48531;64385;vyatskayaschool@yandex.ru;http://vyatskoe76.narod.ru;3;63;100;2;22,5;50;3;4;100;1;20;0;;;;;;;;;;1;20;0;;;;1;54;100;2;46;50;;;;;;;;;;57.863888;40.259185
146;762915;Некрасовский;;муниципальное бюджетное общеобразовательное учреждение Некрасовская средняя общеобразовательная школа;152260, Ярославская обл., Некрасовский р-н, пос. Некрасовское, ул. Строителей, д.7;Петров Александр Владимирович;48531;41635;nekrschool@yandex.ru;http://nekrschool.edu.yar.ru;34;67,5;100;25;42,2;88;34;4,4;100;7;50,3;100;7;44;85,7;6;54,7;100;;;;3;45;66,7;;;;4;45;100;20;52,8;85;1;57;100;;;;;;;57.682139;40.36091
147;762906;Некрасовский;;муниципальное бюджетное общеобразовательное учреждение средняя общеобразовательная школа им. Н.А. Некрасова;152275, Ярославская обл., Некрасовский р-н, д. Грешнево, ул. Центральная, д.1;Ежова Елена Николаевна;48531;35455;grechnevo@yandex.ru;http://gr-school.edu.yar.ru;6;71,3;100;3;44,7;100;6;4,5;100;;;;2;48,5;100;;;;;;;1;72;100;1;54;100;;;;3;46,3;33,3;;;;;;;;;;57.707061;40.214916
148;762912;Некрасовский;;муниципальное бюджетное общеобразовательное учреждение средняя общеобразовательная школа им.Карла Маркса;152280, Ярославская обл., Некрасовский р-н, пос. Красный Профинтерн, ул. Депутатская, д.30;Ленивкова Светлана Владимировна;48531;61189;shkola-imkarlamarksa@yandex.ru;http://sch-kmarks.edu.yar.ru;5;64,8;100;4;30,8;75;5;4,6;100;2;34;50;2;53,5;100;3;57,7;100;;;;;;;;;;;;;2;52;100;;;;;;;;;;57.747371;40.438309
149;762903;Некрасовский;2;муниципальное общеобразовательное учреждение Бурмакинская средняя общеобразовательная школа № 2;152295, Ярославская обл., Некрасовский р-н, с. Бурмакино, ул. Центральная, д.21;Зрулина Светлана Анатольевна;48531;53136;burm22007@yandex.ru;http://burmak2.edu.yar.ru;6;55,2;100;5;34;100;6;3,8;100;2;26;0;;;;;;;;;;;;;;;;;;;3;50;100;;;;;;;;;;57.43335;40.311961
150;763007;Первомайский;;муниципальное общеобразовательное учреждение Козская средняя школа;152437, Ярославская обл., Первомайский р-н, с. Коза, ул. Заречная, д.45;Беликов Сергей Юрьевич;48549;34304;kosa20074@yandex.ru;http://kozs-prv.edu.yar.ru;5;65;100;2;34;50;5;4,2;100;;;;;;;;;;;;;;;;;;;;;;2;55,5;100;;;;;;;;;;58.45605;39.923215
151;763014;Первомайский;;муниципальное общеобразовательное учреждение Первомайская средняя школа;152450, Ярославская обл., Первомайский р-н, с. Кукобой, ул. Школьная, д.2;Соколова Татьяна Анатольевна;48549;31108(дир), 31192(бухг), 31157(дошк.гр.);kukoboi2012@yandex.ru;http://sh-prv.edu.yar.ru;6;72,5;100;3;52;100;6;4,2;100;2;67,5;100;;;;1;59;100;;;;;;;;;;;;;2;51;100;;;;;;;;;;58.697709;39.905033
152;763016;Первомайский;;муниципальное общеобразовательное учреждение Пречистенская средняя школа;152430, Ярославская обл., Первомайский р-н, пос. Пречистое, ул. Ярославская, д.86а;Курсо Светлана Анатольевна;48549;21152(дир), 22642(бухг), 21252(завучи), 21852(учительск.);prechist_school@mail.ru;http://prechist-sch.edu.yar.ru;12;77,3;100;8;43,5;87,5;12;4,4;100;2;51,5;100;;;;3;63,7;100;;;;;;;;;;2;43;100;7;60,9;100;;;;;;;;;;58.428482;40.315932
153;763017;Первомайский;;муниципальное общеобразовательное учреждение Семёновская средняя школа;152445, Ярославская обл., Первомайский р-н, с. Семёновское, ул. Центральная, д.49;Безворотняя Ирина Александровна;48549;32193;semenovskoe1@yandex.ru;http://semn-prv.edu.yar.ru;8;72,1;100;6;38,2;83,3;7;4,6;100;2;44,5;100;2;53;100;3;69,7;100;;;;1;51;100;;;;;;;3;53,7;100;;;;;;;;;;58.607585;39.655437
154;763103;Переславский;;Муниципальное образовательное учреждение Берендеевская средняя общеобразовательная школа Переславского муниципального района Ярославской области;152000, Ярославская обл., Переславский р-н, с. Берендеево, ул. Центральная, д.3;Воробьева Татьяна Анатольевна;48535;45969;berendei_sh@mail.ru;http://76pz-bersh.edusite.ru;3;77,7;100;;;;3;4,3;100;;;;1;69;100;2;54;50;;;;;;;;;;1;62;100;2;59,5;100;;;;;;;;;;56.598319;39.020049
155;763108;Переславский;;муниципальное образовательное учреждение Дубковская средняя общеобразовательная школа Переславского муниципального района;152015, Ярославская обл., Переславский р-н, пос. Дубки, ул. Клубная, д.1а;Беляева Нина Васильевна;48535;41348;dubkipr@mail.ru;http://76pz-dubki.edusite.ru;4;75,8;100;2;31,5;50;4;4,8;100;2;51;100;;;;1;39;100;;;;;;;;;;;;;;;;;;;;;;;;;56.707713;39.135492
156;763117;Переславский;;Муниципальное образовательное учреждение Кубринская средняя общеобразовательная школа Переславского муниципального района Ярославской области;152032, Ярославская обл., Переславский р-н, с. Кубринск, ул. Советская, д.5;Гаврилов Юрий Борисович;48535;48533;kybryur@rambler.ru;http://76pz-kybr.edusite.ru/;2;48;100;;;;2;3,5;100;;;;;;;;;;;;;;;;;;;;;;;;;;;;;;;;;;56.719249;38.363066
157;763118;Переславский;;муниципальное образовательное учреждение Купанская средняя общеобразовательная школа Переславского муниципального района;152018, Ярославская обл., Переславский р-н, пос. Купанское, ул. Советская, д.1;Зимина Светлана Алексеевна;48535;49346;maltsev.1977@mail.ru;http://kupn-shprs.edu.yar.ru;2;77,5;100;2;44,5;100;2;4;100;;;;;;;1;44;100;;;;;;;;;;;;;2;51,5;100;;;;;;;;;;56.820671;38.677872
158;763121;Переславский;;Муниципальное образовательное учреждение Нагорьевская средняя общеобразовательная школа Переславского муниципального района Ярославской области;152030, Ярославская обл., Переславский р-н, с. Нагорье, ул. Запрудная, д.2б;Воробьева Надежда Николаевна;48535;46504;nagore2@rambler.ru;http://76pz-nagore.edusite.ru/;8;74,6;100;3;52,3;100;8;4,5;100;1;69;100;3;51,3;100;3;70,3;100;;;;;;;;;;4;55,8;100;4;61,3;100;;;;;;;;;;56.92198;38.256849
159;763113;Переславский;;муниципальное общеобразовательное учреждение Ивановская средняя общеобразовательная школа Переславского муниципального района Ярославской области;152004, Ярославская обл., Переславский р-н, пос. Ивановское, ул. Ленина, д.12;Моисеев Андрей Юрьевич;48535;41821;isoh50@rambler.ru;http://shivan-prs.edu.yar.ru/;4;87,8;100;3;44,3;100;2;4,5;100;;;;1;72;100;2;81,5;100;;;;;;;;;;1;78;100;3;81,7;100;;;;;;;;;;56.8677;39.031449
160;763126;Переславский;;муниципальное общеобразовательное учреждение Рязанцевская средняя общеобразовательная школа Переславского муниципального района;152006, Ярославская обл., Переславский р-н, пос. Рязанцево, ул. Большая Октябрьская, д.60;Сергеева Ирина Николаевна;48535;42169;ryazsosh@rambler.ru;http://ryazn-shprs.edu.yar.ru;6;81,8;100;5;40,8;80;6;4,7;100;1;67;100;1;62;100;2;60;100;;;;;;;;;;;;;3;59,3;100;1;50;100;;;;;;;56.711691;39.209675
161;764302;Пошехонский;2;муниципальное бюджетное общеобразовательное средняя школа № 2 г.Пошехонье;152850, Ярославская обл., Пошехонский р-н, г. Пошехонье, ул. Советская, д.4;Селезнева Ирина Юрьевна;48546;23276;sh2posh@rambler.ru;http://sh2-psh.edu.yar.ru;15;67,6;100;9;55,1;100;15;4,3;86,7;1;52;100;2;44;100;6;50,3;66,7;;;;;;;;;;2;47;100;11;56,7;90,9;;;;;;;;;;58.499546;39.120642
162;763203;Пошехонский;;муниципальное бюджетное общеобразовательное учреждение Белосельская средняя школа;152871, Ярославская обл., Пошехонский р-н, с. Белое, ул. Федоровская, д.32 ;Скобелева Любовь Алексеевна;48546;32347;beloeshkola@mail.ru;http://76423s007.edusite.ru;6;65,2;100;4;53,3;100;6;4,5;100;1;53;100;;;;;;;;;;;;;;;;;;;4;58,3;100;;;;;;;;;;58.381317;39.394233
163;763209;Пошехонский;;муниципальное бюджетное общеобразовательное учреждение Гаютинская средняя школа;152854, Ярославская обл., Пошехонский р-н, с. Гаютино, ул. Центральная, д.42 ;Николаева Евгения Евгеньевна;48546;32176;gajutinoshool@rambler.ru;http://76423s011.edusite.ru;6;76,5;100;4;44,5;100;6;4,5;100;;;;;;;3;48,3;100;;;;;;;;;;;;;4;63,3;100;;;;;;;;;;58.696475;38.516274
164;763214;Пошехонский;;муниципальное бюджетное общеобразовательное учреждение Ермаковская средняя школа;152853, Ярославская обл., Пошехонский р-н, д. Климовское, ул. Церковная, д.32;Вострилов Николай Валентинович;48546;32439;ermakposh@yandex.ru;http://76423s005.edusite.ru;9;77;100;6;49,5;100;9;4,2;100;1;53;100;1;64;100;1;58;100;;;;1;61;100;;;;;;;3;52,3;100;;;;;;;;;;58.60871;38.685022
165;763220;Пошехонский;;муниципальное бюджетное общеобразовательное учреждение Колодинская средняя школа;152885, Ярославская обл., Пошехонский р-н, с. Колодино, ул. Центральная, д.26;Кулакова Ирина Павловна;48546;44247;kolod0907@rambler.ru;http://76423s008.edusite.ru;5;64,8;100;5;25,8;40;5;4;100;;;;;;;;;;;;;1;59;100;;;;;;;3;59,7;100;;;;;;;;;;58.787498;39.167103
166;764301;Пошехонский;1;муниципальное бюджетное общеобразовательное учреждение средняя школа № 1 г.Пошехонье;152850, Ярославская обл., Пошехонский р-н, г. Пошехонье, ул. Красноармейская, д.3;Смирнова Елена Михайловна;48546;22706;schola4@rambler.ru;http://76423s001.edusite.ru;22;68,8;100;19;51,8;89,5;18;4,5;100;6;61,5;100;;;;6;51;100;;;;1;73;100;1;69;100;;;;11;57,4;100;;;;;;;;;;58.501201;39.142624
167;763232;Пошехонский;;муниципальное бюджетное общеобразовательное учреждение Юдинская средняя школа;152883, Ярославская обл., Пошехонский р-н, д. Юдино, ул. Центральная, д.9;Васильева Елена Николаевна;48546;31142;judsoshramblerru07@rambler.ru;http://76423s027.edusite.ru;2;92;100;;;;2;5;100;;;;1;46;100;2;60;100;;;;;;;;;;;;;1;74;100;;;;;;;;;;58.707938;39.299767
168;763335;Ростовский;;"Муниципальное общеобразовательное учреждение ""Школа имени Евгения Родионова""";152121 Ярославская обл. Ростовский р-н, д. Судино д.27;Тимофеева Вера Геннадьевна;48536;22498;shkola-sudino@mail.ru;http://sudin-ros.edu.yar.ru;10;65,7;100;10;22,9;40;10;3,9;100;1;41;100;1;21;0;1;18;0;;;;2;27,5;50;;;;1;64;100;5;47,2;80;;;;;;;;;;57.207409;39.288556
169;763313;Ростовский;;муниципальное общеобразовательное учреждение Белогостицкая средняя общеобразовательная школа;152110, Ярославская обл., Ростовский р-н, с. Белогостицы, д.35;Менячихина Нина Николаевна;48536;22231;belog-school@mail.ru;http://belog-ros.edu.yar.ru;6;67,8;100;6;38,8;83,3;6;4,3;100;2;47,5;100;;;;2;42,5;100;;;;;;;;;;;;;6;47,3;83,3;1;41;100;;;;;;;57.230504;39.498294
170;764401;Ростовский;;Муниципальное общеобразовательное учреждение гимназия имени А.Л.Кекина города Ростова;152151, Ярославская обл., г. Ростов, ул. Моравского, д.6;Бражников Данил Александрович;48536;60545;gimn1@mail.ru;http://gim-kekina.edu.yar.ru;73;76,2;100;54;60,5;94,4;73;4,7;100;24;57,2;95,8;7;58,9;100;8;51,8;87,5;;;;15;65,5;100;3;62,7;100;12;71;100;38;61,9;100;5;73,2;100;;;;1;52;100;57.189846;39.414562
171;763316;Ростовский;;муниципальное общеобразовательное учреждение Дмитриановская средняя общеобразовательная школа;152133, Ярославская обл., Ростовский р-н, с. Дмитриановское, ул. Кузьмина, д.39;Кузнецов Александр Николаевич;48536;41756;dmitrianovckoe@mail.ru;http://76206s024.edusite.ru;5;68,4;100;3;43,3;66,7;5;4,4;100;2;51;100;;;;;;;;;;;;;;;;1;62;100;3;61;100;;;;;;;;;;57.098807;39.144214
172;763319;Ростовский;;муниципальное общеобразовательное учреждение Ишненская средняя общеобразовательная школа;152120, Ярославская обл., Ростовский р-н, пос. Ишня, ул. Школьная, д.4;Федотова Людмила Александровна;48536;29316;Ishnenskayashkola@yandex.ru;http://ishn-ros.edu.yar.ru;10;61,1;100;7;40;85,7;9;4,4;100;1;44;100;1;44;100;3;44;66,7;;;;1;42;100;1;68;100;1;40;100;7;51,7;100;;;;;;;;;;57.191206;39.355543
173;763323;Ростовский;;муниципальное общеобразовательное учреждение Коленовская средняя общеобразовательная школа;152137, Ярославская обл., Ростовский р-н, д. Коленово, ул. Заводская, д.15;Ильинская Ольга Михайловна;48536;43432;kolenovo@list.ru;http://kolenovo-ros.edu.yar.ru;7;75,7;100;6;50,3;100;7;4,7;100;2;50;100;2;48;100;2;63;100;;;;;;;;;;;;;4;60,3;100;;;;;;;;;;56.953923;39.19293
174;763309;Ростовский;;муниципальное общеобразовательное учреждение Петровская средняя общеобразовательная школа;152130, Ярославская обл., Ростовский р-н, р.п. Петровское, ул. Пролетарская, д.49;Сайдаль Мария Васильевна;48536;40181;school-petrovsk@yandex.ru;http://petr-ros.edu.yar.ru/;15;67,3;100;9;51,9;88,9;15;4,4;100;5;43;100;1;61;100;1;71;100;;;;1;75;100;1;72;100;6;52,7;100;13;55,9;92,3;;;;;;;;;;57.01047;39.266304
175;763310;Ростовский;;муниципальное общеобразовательное учреждение Семибратовская средняя общеобразовательная школа;152101, Ярославская обл., Ростовский р-н, пос. Семибратово, ул. Окружная, д.5;Лысюк Светлана Дмитриевна;48536;53288;semibratschool@mail.ru;http://semb-ros.edu.yar.ru;23;74,5;100;17;60,6;100;23;4,5;100;12;52,2;100;2;61,5;100;4;48,8;100;1;54;100;3;59,7;100;;;;2;71;100;12;61,3;100;;;;;;;;;;57.297494;39.545096
176;764402;Ростовский;2;муниципальное общеобразовательное учреждение средняя общеобразовательная школа N 2 г.Ростова;152151, Ярославская область, г. Ростов, ул. Революции, д.12а;Буянова Елена Ивановна;48536;62745;soginna@mail.ru;http://school2rostov.edu.yar.ru;2;56;100;;;;2;2,5;50;;;;;;;;;;;;;;;;;;;;;;;;;;;;;;;;;;57.190792;39.432223
177;764403;Ростовский;3;муниципальное общеобразовательное учреждение средняя общеобразовательная школа № 3 г.Ростова;152155, Ярославская обл., Ростовский р-н, г. Ростов, ул. Ленинская, д.39;Пряженкова Елена Васильевна;48536;74684;ros.school-3@mail.ru;http://76206s003.edusite.ru;21;78,1;100;18;57,6;94,4;21;4,7;100;14;56,8;100;4;67,8;100;3;77;100;;;;2;47,5;100;1;60;100;1;36;100;6;59,2;100;;;;;;;;;;57.180261;39.400638
178;764404;Ростовский;4;муниципальное общеобразовательное учреждение средняя общеобразовательная школа № 4 г. Ростова;152150, Ярославская обл., Ростовский р-н, г. Ростов, 1 мкр., д.27;Архиреева Елена Анатольевна;48536;64594;ros-sh4@mail.ru;http://sh4-ros.edu.yar.ru;29;73,9;100;21;46,2;90,5;29;4,4;100;9;56,8;88,9;5;62,4;80;4;56,8;100;;;;4;71,5;100;;;;5;49,6;100;14;53,4;85,7;3;60,7;100;;;;;;;57.205713;39.436544
179;763332;Ростовский;;муниципальное общеобразовательное учреждение Хмельниковская средняя общеобразовательная школа;152131, Ярославская обл., Ростовский р-н, пос. Хмельники, ул. Заводская, д.40;Мироненко Татьяна Викторовна;48536;43535;miv53@yandex.ru;http://hmel-ros.edu.yar.ru;4;71,3;100;4;51,3;100;4;4,5;100;4;41;100;;;;1;45;100;;;;1;42;100;;;;;;;3;58;66,7;;;;;;;;;;56.941518;39.296775
180;763334;Ростовский;;муниципальное общеобразовательное учреждение Шурскольская средняя общеобразовательная школа;152124, Ярославская обл., Ростовский р-н, с. Шурскол, д.1а;Матвейчук Надежда Петровна;48536;26446;Shoorskol@yandex.ru;http://шурскол.рф;11;66,1;100;9;49,8;100;11;4,2;100;1;57;100;;;;2;28,5;50;;;;;;;;;;3;53,3;100;11;58,1;90,9;;;;;;;;;;57.15278;39.290819
181;763450;Рыбинский;;муниципальное образовательное учреждение Болтинская средняя общеобразовательная школа;152978, Ярославская обл., Рыбинский р-н, пос. Судоверфь, ул. Судостроительная, д.25а;Рыбакова Ирина Владимировна;4855;295903;dorogovavn@mail.ru;http://76310s003.edusite.ru;12;78,3;100;11;51,9;100;12;4,5;100;2;42,5;100;;;;3;56,3;100;;;;3;58;100;1;65;100;;;;4;63;100;1;84;100;;;;;;;58.113836;38.645443
182;763454;Рыбинский;;муниципальное образовательное учреждение Ермаковская средняя общеобразовательная школа;152968, Ярославская обл., Рыбинский р-н, пос. Ермаково, д.18;Амоев Алексей Резоевич;4855;258415;ktv415@mail.ru;http://ermak.edu.yar.ru;7;70;100;4;57;75;7;4,3;100;2;56;100;;;;3;48,7;66,7;;;;1;70;100;;;;1;55;100;4;59,3;100;;;;;;;;;;58.122934;38.888284
183;763455;Рыбинский;;муниципальное образовательное учреждение Каменниковская средняя общеобразовательная школа;152959, Ярославская обл., Рыбинский р-н, пос. Каменники, ул. Школьная, д.13;Силанова Надежда Анатольевна;4855;595504;rybcamenn@rambler.ru;http://www.76310s006.edusite.ru;7;75,4;100;6;47,8;100;7;4,7;100;1;59;100;;;;2;59,5;100;;;;1;72;100;;;;2;43;100;5;54,8;100;;;;;;;;;;58.152832;38.666634
184;763457;Рыбинский;;муниципальное образовательное учреждение Ломовская средняя общеобразовательная школа;152962, Ярославская обл., Рыбинский р-н, пос. Дюдьково, д.16;Винокурова Екатерина Алексеевна;4855;257534;lomschool@yandex.ru;http://76310s007.edusite.ru;4;72,8;100;2;57,5;100;4;4,8;100;1;76;100;;;;;;;;;;;;;;;;1;61;100;3;62;100;1;79;100;;;;;;;57.967307;39.232078
185;763463;Рыбинский;;муниципальное образовательное учреждение Октябрьская средняя общеобразовательная школа;152961, Ярославская обл., Рыбинский р-н, пос. Октябрьский, д.29а;Смолина Надежда Витальевна;4855;256776;sosh_okt@inbox.ru;http://76310s010.edusite.ru;8;74,9;100;6;50,8;83,3;6;4,2;100;;;;;;;;;;;;;1;68;100;;;;1;67;100;7;54,9;100;2;44;100;;;;;;;58.122934;38.888284
186;763453;Рыбинский;;муниципальное общеобразовательное учреждение Глебовская средняя общеобразовательная школа;152971, Ярославская обл., Рыбинский р-н, с. Глебово, ул. Школьная, д.13;Трофимова Инна Алимгазымовна ;4855;231322;p3glebov@yandex.ru;http://www.76310s004.edusite.ru;2;65;100;1;39;100;2;4;100;;;;;;;;;;;;;;;;;;;;;;2;58,5;100;;;;;;;;;;58.00809;38.444561
187;763462;Рыбинский;;муниципальное общеобразовательное учреждение Николо-Кормская средняя общеобразовательная школа;152986, Ярославская обл., Рыбинский р-н, с. Никольское, ул. Мира, д.18;Рыжова Татьяна Геннадьевна ;4855;233739;sh_nik_korm@mail.ru;http://76310s009.edusite.ru;5;79,4;100;3;46,3;100;3;5;100;1;46;100;1;50;100;3;51,3;100;;;;;;;;;;1;72;100;2;76,5;100;;;;;;;;;;57.906223;38.556896
188;764609;Тутаевский;;"Муниципальное общеобразовательное учреждение ""Левобережная средняя школа города Тутаева"" Тутаевского муниципального района";152302, Ярославская обл., Тутаевский р-н, г. Тутаев, ул. Ленина, д.96;Кулакова Ирина Эдуардовна;48533;78183;shkola2tutaev@mail.ru;http://76307s002.edusite.ru;15;82,9;100;9;49,8;100;13;4,2;100;;;;;;;3;74,7;100;;;;;;;1;62;100;2;64,5;100;8;61,9;100;1;31;100;;;;;;;57.885957;39.538916
189;763514;Тутаевский;;Муниципальное общеобразовательное учреждение Константиновская средняя школа Тутаевского муниципального района;152321, Ярославская обл., Тутаевский р-н, пос. Константиновский, ул. Садовая, д.8 ;Чепурна Елена Павловна;48533;79353;ksosh06@yandex.ru;http://76307s015.edusite.ru;13;80,6;100;7;48,7;100;13;4,7;100;1;43;100;1;36;100;1;57;100;;;;2;62,5;100;;;;4;77;100;11;64,3;100;1;93;100;;;;;;;57.830336;39.598034
190;764601;Тутаевский;1;Муниципальное общеобразовательное учреждение лицей № 1 Тутаевского муниципального района;152300, Ярославская обл., Тутаевский р-н, г. Тутаев, пр-т 50-летия Победы, д.23;Шинкевич Наталья Васильевна;48533;23666, 22818;liceym1@yandex.ru;http://liceym1.ru/;26;71,4;100;19;46,6;89,5;26;4,4;100;10;52,4;100;3;52,7;100;6;52;83,3;;;;4;73;100;3;51,7;100;4;38,5;100;15;55,5;80;2;88;100;;;;;;;57.865075;39.519737
191;764603;Тутаевский;3;Муниципальное общеобразовательное учреждение средняя школа № 3 Тутаевского муниципального района;152300, Ярославская обл., Тутаевский р-н, г. Тутаев, пр-т 50-летия Победы, д.32;Грачева Наталья Алексеевна;48533;20861, 20421;schol31@yandex.ru;http://www.shcool-3-tutaev.edusite.ru;23;76,1;100;14;41,3;92,9;23;4,4;100;1;56;100;1;63;100;2;71;100;;;;;;;3;48,3;100;6;52,7;100;14;59,9;92,9;4;62,3;100;;;;;;;57.86124;39.514958
192;764604;Тутаевский;4;"Муниципальное общеобразовательное учреждение средняя школа № 4 ""Центр образования"" Тутаевского муниципального района";152300, Ярославская обл., Тутаевский р-н, г. Тутаев, ул. Петра Шитова, д.63;Гаврилова Регина Николаевна;48533;22207;tmr-cosh-4@yandex.ru;http://sh4-tmr.edu.yar.ru;4;54;100;;;;4;3;100;;;;;;;;;;;;;;;;;;;;;;;;;;;;;;;;;;57.87193;39.521848
193;764606;Тутаевский;6;Муниципальное общеобразовательное учреждение средняя школа № 6 Тутаевского муниципального района;152300, Ярославская обл., Тутаевский р-н, г. Тутаев, ул. Моторостроителей, д.54;Манокина Елена Викторовна;48533;70117;school-6@bk.ru;http://sh6-tmr.edu.yar.ru;41;80,5;100;26;49,7;96,2;41;4,6;100;6;56,7;100;8;58,6;100;12;63,3;100;;;;5;63,2;100;4;73,5;100;7;51,6;100;20;64;100;4;71,8;100;;;;;;;57.866851;39.514266
194;764607;Тутаевский;7;Муниципальное общеобразовательное учреждение средняя школа № 7 имени адмирала Ф.Ф.Ушакова Тутаевского муниципального района;152303, Ярославская обл., Тутаевский р-н, г. Тутаев, ул. Комсомольская, д.117 ;Сапегина Елена Анатольевна;48533;23022, 21024;school7tutaev@yandex.ru;http://sch7tut.edu.yar.ru;24;72,4;100;14;58,6;92,9;24;4,4;100;6;50,8;100;5;62,8;100;5;75;100;1;74;100;3;69,7;100;;;;2;47;100;8;60,9;87,5;;;;;;;;;;57.858085;39.503001
195;763527;Тутаевский;;Муниципальное общеобразовательное учреждение Фоминская средняя школа Тутаевского муниципального района;152309, Ярославская обл., Тутаевский р-н, пос. Фоминское, ул. Центральная, д.39;Мохова Лариса Николаевна;48533;40077;fomschool@yandex.ru;http://fom-tut.edu.yar.ru;8;72,4;100;3;62,3;100;8;4,5;100;1;71;100;3;56,3;100;3;73,3;100;;;;1;55;100;;;;2;76;100;3;57;66,7;;;;;;;;;;57.839147;39.580526
196;763528;Тутаевский;;Муниципальное общеобразовательное учреждение Чебаковская средняя школа Тутаевского муниципального района;152335, Ярославская обл., Тутаевский р-н, пос. Чебаково, ул. Школьная, д.5;Сухов Евгений Евгеньевич;48533;44660;chebsosh@mail.ru;http://cheb-tmr.edu.yar.ru;8;68,4;100;;;;8;4,6;100;;;;1;57;100;2;72,5;100;;;;;;;;;;1;63;100;6;58,2;100;;;;;;;;;;57.756919;39.532978
197;763529;Тутаевский;;Муниципальное общеобразовательное учреждение Ченцевская средняя школа Тутаевского муниципального района;152302, Ярославская обл., Тутаевский р-н, д. Ченцы, ул. Звездная, д.2;Копрова Елена Николаевна;48533;74285;tmrchency@mail.ru;http://www.76307s024.edusite.ru;1;70;100;1;23;0;1;5;100;;;;;;;1;40;100;;;;;;;;;;1;44;100;1;56;100;;;;;;;;;;57.868876;39.871607
198;764701;Угличский;1;"Муниципальное общеобразовательное учреждение ""Гимназия № 1"" ";152615, Ярославская обл., Угличский р-н, г. Углич, пл. Пушкина, д.8;Петрова Елена Леонидовна;48532;20955;gymnaziya1@mail.ru;http://76204s001.edusite.ru;18;72,6;100;15;41,2;73,3;18;4,3;100;;;;;;;2;49,5;100;;;;1;75;100;;;;7;53,9;100;15;64,5;100;2;74,5;100;3;73;100;;;;57.524958;38.313318
199;763617;Угличский;;Муниципальное общеобразовательное учреждение Василёвская средняя общеобразовательная школа;152636, Ярославская обл., Угличский р-н, с. Василёво, ул. Школьная, д.2;Иванова Ольга Юрьевна;48532;43448;vasilevo1866@mail.ru;http://76204s024.edusite.ru;1;65;100;;;;1;5;100;;;;;;;;;;;;;;;;;;;;;;;;;;;;;;;;;;57.236963;38.58469
200;764745;Угличский;;Муниципальное общеобразовательное учреждение вечерняя (сменная) общеобразовательная школа;152610, Ярославская обл., Угличский р-н, г. Углич, мкр. Мирный, д.31;Родионова Ольга Васильевна;48532;57740;vecher-skola@yandex.ru;http://vshugl.edu.yar.ru ;4;56,8;100;;;;4;3,5;100;;;;;;;;;;;;;;;;;;;1;58;100;1;59;100;;;;;;;;;;57.538768;38.348316
201;763620;Угличский;;муниципальное общеобразовательное учреждение Головинская средняя общеобразовательная школа;152640, Ярославская обл., Угличский р-н, д. Головино;Гусева Татьяна Геннадьевна;48532;46260;golovino_skoola@mail.ru;http://76204s025.edusite.ru;2;73;100;;;;2;4,5;100;;;;;;;;;;;;;;;;;;;;;;;;;;;;;;;;;;57.492932;38.158484
202;763623;Угличский;;Муниципальное общеобразовательное учреждение Заозерская средняя общеобразовательная школа;152638, Ярославская обл., Угличский р-н, с. Заозерье;Тушнева Любовь Алексеевна;48532;43782;zaozsh@yandex.ru;http://76204s023.edusite.ru;1;78;100;1;33;100;1;5;100;;;;;;;;;;;;;;;;;;;;;;1;47;100;;;;;;;;;;57.197648;38.244327
203;763624;Угличский;;Муниципальное общеобразовательное учреждение Ильинская средняя общеобразовательная школа;152630, Ярославская обл., Угличский р-н, с. Ильинское, ул. Центральная, д.14;Наумов Александр Алексеевич;48532;42463;school-ilyn@yandex.ru;http://76204s022.edusite.ru;5;75;100;5;58,6;100;5;5;100;3;38,7;66,7;;;;;;;;;;2;43;100;;;;;;;4;54,8;100;;;;;;;;;;57.323307;38.505323
204;763634;Угличский;;муниципальное общеобразовательное учреждение Отрадновская средняя общеобразовательная школа;152601, Ярославская обл., Угличский р-н, пос. Отрадный;Хорошулина Ирина Николаевна;48532;47198;otrshkola@mail.ru;http://76204s030.edusite.ru;6;62,7;100;4;28,8;50;6;3,7;100;;;;;;;1;54;100;;;;1;48;100;;;;;;;3;39,3;33,3;;;;;;;;;;57.579102;38.240509
205;764703;Угличский;3;муниципальное общеобразовательное учреждение средняя общеобразовательная школа № 3;152610, Ярославская обл., Угличский р-н, г. Углич, ул. Ярославская, д.47;Стрельцова Светлана Вячеславовна;48532;53061;Skool3@rambler.ru;http://uglich-school3.ucoz.ru;21;66,5;100;16;45,5;93,8;21;4,2;100;7;49,1;100;4;53,5;100;2;65,5;100;5;63,4;100;1;59;100;;;;1;48;100;5;56,2;100;;;;;;;;;;57.532748;38.331419
206;764704;Угличский;4;муниципальное общеобразовательное учреждение средняя общеобразовательная школа № 4;152610, Ярославская обл., Угличский р-н, г. Углич, Ярославское шоссе, д.10а;Маслова Алевтина Львовна;48532;56240, 50176;sosh4.uglich@mail.ru;http://76204s004.edusite.ru;32;67,4;100;22;36,1;72,7;32;4,1;100;7;47,9;100;6;49,8;66,7;8;52,1;100;2;53,5;100;2;66;100;1;66;100;5;52;100;14;54,9;100;3;46,3;100;;;;;;;57.534217;38.338021
207;764705;Угличский;5;муниципальное общеобразовательное учреждение средняя общеобразовательная школа № 5 имени 63-го Угличского пехотного полка;152612, Ярославская обл., Угличский р-н, г. Углич, Ленинское шоссе, д.1А;Пятницына Наталья Львовна;48532;21331;uglichsosh5@mail.ru;http://sch5-ugl.edu.yar.ru;31;71,1;100;28;46,2;92,9;31;4,6;100;10;42,8;90;7;53,9;85,7;10;50,1;90;;;;3;64,3;100;;;;;;;12;53,6;83,3;1;65;100;;;;;;;57.516118;38.315905
208;764707;Угличский;7;муниципальное общеобразовательное учреждение средняя общеобразовательная школа № 7;152613, Ярославская обл., Угличский р-н, г. Углич, ул. Старостина, д.12;Шашкова Татьяна Кузьминична;48532;54105, 53804;shcool72009@yandex.ru;http://76204s007.edusite.ru;17;70,5;100;13;58,6;100;10;4,6;100;4;50,5;100;1;41;100;3;46,3;100;;;;2;54;100;2;57,5;100;3;65,7;100;9;61,7;100;;;;;;;;;;57.543091;38.327951
209;764708;Угличский;8;муниципальное общеобразовательное учреждение средняя общеобразовательная школа № 8;152610, Ярославская обл., Угличский р-н, г. Углич, мкр. Мирный, д.31;Синильникова Юлия Андреевна;48532;54176, 56367;school812@yandex.ru;http://76204s008.edusite.ru;17;67;100;7;35,9;85,7;17;3,9;100;4;45,8;100;6;42,5;66,7;7;53,3;100;;;;;;;1;52;100;2;52,5;100;7;56,1;100;1;56;100;;;;;;;57.538768;38.348316
210;764709;Угличский;;муниципальное общеобразовательное учреждение Угличский физико-математический лицей;152613, Ярославская обл., Угличский р-н, г. Углич, ул. Северная, д.4;Мусинов Валерий Сергеевич;48532;51649;fml.uglich@mail.ru;http://76204s009.edusite.ru;20;80,3;100;20;57,9;100;4;4,5;100;8;68;100;3;51;100;3;73;100;1;100;100;11;77,2;100;1;72;100;1;72;100;4;65,5;100;2;90,5;100;;;;;;;57.544728;38.325642
211;763644;Угличский;;Муниципальное общеобразовательное учреждение Юрьевская средняя общеобразовательная школа;152606, Ярославская обл., Угличский р-н, д. Вякирево;Пестерева Валентина Фёдоровна;48532;46760;school-yur@yandex.ru;http://76204s028.edusite.ru;2;76;100;1;78;100;1;5;100;;;;1;68;100;;;;;;;;;;;;;;;;1;76;100;;;;;;;;;;57.140997;38.287356
212;763706;Ярославский;;муниципальное образовательное учреждение Иванищевская средняя общеобразовательная школа;150532, Ярославская обл., Ярославский р-н, д. Иванищево, ул. Молодежная, д.12;Орехов Николай Геннадьевич;4852;435525;ivanischevo1@mail.ru;http://ivan-shyar.edu.yar.ru;4;74,5;100;4;62,5;100;4;4,8;100;1;55;100;1;48;100;3;58,3;100;;;;;;;;;;;;;4;58;100;;;;;;;;;;57.518298;39.528505
213;763727;Ярославский;;"муниципальное общеобразовательное учреждение ""Cредняя школа поселка Ярославка"" Ярославского муниципального района";150505, Ярославская обл., Ярославский р-н, пос. Ярославка, д.2-Г;Петрушова Наталия Александровна;4852;762242;yaroslavka-soh@yandex.ru;http://yaroslavka-school.edu.yar.ru;6;81;100;6;36,7;100;6;4,5;100;4;42,3;75;;;;;;;;;;1;53;100;;;;;;;5;52,6;80;;;;;;;;;;57.74239;39.835782
214;763704;Ярославский;;"муниципальное общеобразовательное учреждение ""Григорьевская средняя школа"" Ярославского муниципального района";150515, Ярославская обл., Ярославский р-н, д. Григорьевское, ул. Клубная, д.6 ;Смирнов Сергей Сергеевич;4852;767176;grig-school@mail.ru;http://grig-yar.edu.yar.ru;10;67,4;100;7;40,9;71,4;10;4,2;100;;;;1;43;100;1;71;100;;;;;;;2;63;100;3;46,3;100;9;51,4;100;;;;;;;;;;57.707681;40.002761
215;763705;Ярославский;;"муниципальное общеобразовательное учреждение ""Дубковская средняя школа"" Ярославского муниципального района";150545, Ярославская обл., Ярославский р-н, пос. Дубки, ул. Школьная, д.3;Сухова Надежда Николаевна;4852;942076;nadegda.suchova@mail.ru;http://76313s007.edusite.ru;8;74,9;100;7;36,9;85,7;8;4,4;100;;;;2;40;100;3;53,3;100;;;;;;;1;73;100;1;43;100;8;51,9;100;1;42;100;;;;;;;57.526877;39.734632
216;763707;Ярославский;;"муниципальное общеобразовательное учреждение ""Ивняковская средняя школа"" Ярославского муниципального района";150507, Ярославская обл., Ярославский р-н, пос. Ивняки, ул. Луговая, д.1а;Кондратьев Сергей Николаевич;4852;424045;p3iwnyak@mail.ru;http://ivniak.edu.yar.ru;13;69;100;10;43,4;100;13;4,2;92,3;1;48;100;2;54;100;2;49;100;;;;2;55;100;;;;5;47,8;100;9;53;88,9;;;;;;;;;;57.617522;39.791612
217;763710;Ярославский;;"муниципальное общеобразовательное учреждение ""Карачихская средняя школа"" Ярославского муниципального района";150500, Ярославская обл., Ярославский р-н, пос. Карачиха;Тимофеев Николай Иванович;4852;436595;p3karach@mail.ru;http://karachihaschool.edu.yar.ru;6;70,2;100;5;46,6;80;6;4,8;100;1;80;100;1;48;100;2;35,5;50;;;;;;;;;;1;55;100;4;55;100;;;;;;;;;;57.644352;39.76919
218;763714;Ярославский;;"муниципальное общеобразовательное учреждение ""Красноткацкая средняя школа"" Ярославского муниципального района";150522, Ярославская обл., Ярославский р-н, д. Ноготино, д.2б;Мухина Мария Петровна;4852;438237;tkachi-school@mail.ru;http://tkachi-yar.edu.yar.ru;27;75,8;100;20;49,9;90;27;4,5;100;7;47,7;100;4;57,5;100;4;68,3;100;;;;5;73,2;100;;;;8;59,5;100;17;61,2;94,1;2;61,5;100;;;;;;;57.487558;39.739914
219;763715;Ярославский;;"муниципальное общеобразовательное учреждение ""Кузнечихинская средняя школа"" Ярославского муниципального района";150510, Ярославская обл., Ярославский р-н, д. Кузнечиха, ул. Центральная, д.34 ;Уваева Евгения Александровна;4852;761201;kuznetch@mail.ru;http://shkuzn-yar.edu.yar.ru;13;71,9;100;9;42,6;77,8;12;4,3;100;1;41;100;;;;1;58;100;;;;2;72,5;100;1;62;100;4;59,3;100;9;65,4;88,9;;;;;;;;;;57.706344;39.897173
220;763720;Ярославский;;"муниципальное общеобразовательное учреждение ""Михайловская средняя школа"" Ярославского муниципального района";150517, Ярославская обл., Ярославский р-н, пос. Михайловский, ул. Школьная, д.7;Скосырева Татьяна Александровна;4852;437450;mihletter2@mail.ru;http://mihlvs-shyar.edu.yar.ru;10;67,1;100;8;58,8;100;10;4,7;100;;;;1;68;100;2;67,5;100;;;;;;;;;;3;48;100;8;59,3;100;;;;;;;;;;57.78329;39.733446
221;763721;Ярославский;;"муниципальное общеобразовательное учреждение ""Мокеевская средняя школа"" Ярославского муниципального района";150527, Ярославская обл., Ярославский р-н, д. Мокеевское, д.33;Парамонова Елена Игоревна;4852;432245;moksh@yandex.ru;http://mokeevo.edu.yar.ru;8;68,8;100;6;49,3;100;8;4,6;100;2;45;100;2;62;100;;;;;;;;;;1;59;100;1;34;100;3;52,3;100;;;;;;;;;;57.485265;40.099698
222;763722;Ярославский;;"муниципальное общеобразовательное учреждение ""Мордвиновская средняя школа"" Ярославского муниципального района";150534, Ярославская обл., Ярославский р-н, д. Мордвиново, ул. Школьная, д.10;Резникова Надежда Григорьевна;4852;435216;p3mordv@mail.ru;http://mordvin.edu.yar.ru/;3;62;100;;;;3;4;100;;;;;;;3;36,7;66,7;;;;;;;;;;;;;3;51;66,7;;;;;;;;;;57.615555;39.445105
223;763725;Ярославский;;"муниципальное общеобразовательное учреждение ""Сарафоновская средняя школа"" Ярославского муниципального района";150508, Ярославская обл., Ярославский р-н, с. Сарафоново, д.55;Козловская Светлана Георгиевна;4852;432566;sarafonovo55@mail.ru;http://saraf-yar.edu.yar.ru ;4;81,5;100;3;39,3;66,7;4;4,3;100;;;;;;;1;30;0;;;;;;;;;;1;42;100;4;54;100;;;;;;;;;;57.663287;39.687848
224;763726;Ярославский;;"муниципальное общеобразовательное учреждение ""Спасская средняя школа"" Ярославского муниципального района";150542, Ярославская обл., Ярославский р-н, с. Спас-Виталий, д.6;Гартунг Марина Владимировна;4852;764121;spas-vitali@yandex.ru;http://spas-yar.edu.yar.ru;4;66,3;100;2;20,5;50;4;4;100;;;;;;;3;45;100;;;;;;;;;;;;;3;52,7;100;;;;;;;;;;57.798181;40.189862
225;763728;Ярославский;;"муниципальное общеобразовательное учреждение ""Средняя школа имени Ф.И. Толбухина"" Ярославского муниципального района";150512, Ярославская обл., Ярославский р-н, с. Толбухино, ул. Даниловская, д.6;Стецович Ольга Григорьевна;4852;764757;tolbuhino@mail.ru;http://tolb-yar.edu.yar.ru/;6;73,8;100;6;47,3;100;6;4,8;100;1;54;100;1;42;100;2;60;100;;;;;;;;;;1;55;100;3;53,7;100;;;;;;;;;;57.853196;40.049743
226;763729;Ярославский;;"муниципальное общеобразовательное учреждение ""Туношенская средняя школа имени Героя России Селезнева А.А."" Ярославского муниципального района";150501, Ярославская обл., Ярославский р-н, с. Туношна, ул. Школьная, д.6;Балкова Светлана Евгеньевна;4852;433912;tunsh_sh@mail.ru;http://tunsh.edu.yar.ru;10;77,3;100;5;64,4;100;10;4,9;100;1;69;100;;;;2;63;100;1;61;100;1;77;100;1;47;100;3;50,3;100;8;59,1;100;2;51,5;100;;;;;;;57.54369;40.125938
227;761301;г.Переславль-Залесский;;"НОУ СОШ ""Переславская православная гимназия"" им. св. блгв. вел. кн. А. Невского""";Ярославская обл., Переславль-Залесский, ул. Менделеева, 10;;;;;;4;68,5;100;2;53,5;100;4;4,3;100;1;55;100;1;41;100;1;64;100;1;64;100;;;;2;64;100;2;71,5;100;1;67;100;1;38;100;;;;;;;56.755778;38.869465
228;761312;г.Ростов;;"НОУ ""Православная классическая Гимназия- пансион""";152120, Ярославская область, город Ростов Великий, поселок Варницы;;;;;;17;74,5;100;7;62,9;100;17;4,4;100;3;69,7;100;;;;2;61,5;100;2;54,5;100;;;;;;;8;54,6;100;7;60,3;100;2;44,5;100;;;;;;;57.200467;39.375432
229;761335;Переславский;;"НОУ СОШ ""Добрая школа на Сольбе""";152030, Переславский район, м.Сольба, ул. Центральная, д. 15;;;;;;4;75,3;100;1;45;100;4;4;100;;;;;;;;;;;;;;;;1;78;100;;;;2;69;100;;;;;;;;;;56.99923;38.418726
230;761309;г.Ярославль;;"НОУ"" Ярославская Губернская Гимназия имени святителя Игнатия Брянчанинова""";150000, г. Ярославль, ул. Трефолева, д. 20-а;;;;;;8;76,9;100;4;48,3;75;5;3,8;100;1;58;100;;;;1;44;100;;;;;;;1;69;100;1;78;100;5;61,4;100;;;;;;;;;;57.627537;39.886555
231;761323;г.Ярославский;;НОУ лицей МУБИНТ;г. Ярославль, ул. Советская, 80;;;;;;12;60,8;100;4;49;100;8;3,5;100;3;29,3;33,3;;;;;;;;;;;;;2;52,5;100;1;61;100;7;49,4;57,1;1;71;100;;;;;;;57.642907;39.875479
232;761311;г.Ростов;;"НОУ ""Гимназия им. преподобного Сергия Радонежского""";152120 Ярославская обл., г. Ростов Великий, п. Варницы;;;;;;31;75;100;4;62,8;100;31;4,3;100;3;62;100;;;;;;;;;;;;;;;;30;56,9;93,3;4;64,5;100;;;;;;;;;;57.200467;39.375432
233;761315;г.Тутаев;;ЧОУ Православная школа имени святого праведного Иоанна Кронштадтского;152300, Ярославская область, г. Тутаев, ул. Луначарского, д.40-а;;;;;;6;79,7;100;5;36,6;80;6;4,2;100;2;43,5;50;1;59;100;;;;;;;;;;;;;;;;;;;;;;;;;;;;57.870796;39.53173
